8	Q0	81117	1	80.11963	DPR-TFIDF
8	Q0	61778	2	77.96929	DPR-TFIDF
8	Q0	5823	3	77.85585	DPR-TFIDF
8	Q0	86248	4	75.47061	DPR-TFIDF
8	Q0	47331	5	75.03655	DPR-TFIDF
8	Q0	68994	6	72.95044	DPR-TFIDF
8	Q0	9094	7	72.722435	DPR-TFIDF
8	Q0	69067	8	72.04789	DPR-TFIDF
8	Q0	9789	9	70.468704	DPR-TFIDF
8	Q0	34762	10	67.26492	DPR-TFIDF
16	Q0	86253	1	88.60113	DPR-TFIDF
16	Q0	62618	2	87.52925	DPR-TFIDF
16	Q0	6126	3	77.46883	DPR-TFIDF
16	Q0	30330	4	77.46883	DPR-TFIDF
16	Q0	5962	5	72.958275	DPR-TFIDF
16	Q0	6392	6	72.869125	DPR-TFIDF
16	Q0	6450	7	71.75147	DPR-TFIDF
16	Q0	30119	8	71.75147	DPR-TFIDF
16	Q0	5989	9	71.17135	DPR-TFIDF
16	Q0	6134	10	70.45695	DPR-TFIDF
17	Q0	4692	1	89.396675	DPR-TFIDF
17	Q0	2206	2	88.55469	DPR-TFIDF
17	Q0	24175	3	87.27981	DPR-TFIDF
17	Q0	24086	4	87.08754	DPR-TFIDF
17	Q0	24185	5	85.757614	DPR-TFIDF
17	Q0	55430	6	84.59743	DPR-TFIDF
17	Q0	8880	7	84.252686	DPR-TFIDF
17	Q0	71076	8	79.61928	DPR-TFIDF
17	Q0	71075	9	79.226135	DPR-TFIDF
17	Q0	11258	10	75.025536	DPR-TFIDF
25	Q0	73668	1	72.06685	DPR-TFIDF
25	Q0	11587	2	71.7501	DPR-TFIDF
25	Q0	6790	3	67.41366	DPR-TFIDF
25	Q0	12233	4	65.22017	DPR-TFIDF
25	Q0	8342	5	62.43044	DPR-TFIDF
25	Q0	76178	6	61.951405	DPR-TFIDF
25	Q0	69077	7	61.882862	DPR-TFIDF
25	Q0	63379	8	61.235836	DPR-TFIDF
25	Q0	1958	9	60.57678	DPR-TFIDF
25	Q0	11732	10	58.4689	DPR-TFIDF
32	Q0	8282	1	104.18689	DPR-TFIDF
32	Q0	75368	2	85.34693	DPR-TFIDF
32	Q0	3127	3	81.00921	DPR-TFIDF
32	Q0	43153	4	80.30031	DPR-TFIDF
32	Q0	45545	5	79.56226	DPR-TFIDF
32	Q0	6056	6	77.37728	DPR-TFIDF
32	Q0	5905	7	77.313416	DPR-TFIDF
32	Q0	45654	8	74.52362	DPR-TFIDF
32	Q0	1966	9	68.91279	DPR-TFIDF
32	Q0	69569	10	67.36016	DPR-TFIDF
33	Q0	43918	1	80.80002	DPR-TFIDF
33	Q0	30780	2	79.561195	DPR-TFIDF
33	Q0	30883	3	76.4972	DPR-TFIDF
33	Q0	14976	4	75.671234	DPR-TFIDF
33	Q0	30716	5	71.39497	DPR-TFIDF
33	Q0	3850	6	71.17267	DPR-TFIDF
33	Q0	24412	7	70.69753	DPR-TFIDF
33	Q0	55340	8	69.67332	DPR-TFIDF
33	Q0	4578	9	68.89807	DPR-TFIDF
33	Q0	30801	10	68.00792	DPR-TFIDF
40	Q0	971	1	72.10739	DPR-TFIDF
40	Q0	4796	2	71.30775	DPR-TFIDF
40	Q0	11314	3	68.643745	DPR-TFIDF
40	Q0	75121	4	66.125725	DPR-TFIDF
40	Q0	7058	5	66.125725	DPR-TFIDF
40	Q0	10363	6	65.361336	DPR-TFIDF
40	Q0	77539	7	65.361336	DPR-TFIDF
40	Q0	14196	8	61.398834	DPR-TFIDF
40	Q0	74971	9	57.181774	DPR-TFIDF
40	Q0	6516	10	55.190266	DPR-TFIDF
47	Q0	64157	1	67.79237	DPR-TFIDF
47	Q0	61388	2	67.78402	DPR-TFIDF
47	Q0	36146	3	67.57787	DPR-TFIDF
47	Q0	5662	4	67.10813	DPR-TFIDF
47	Q0	86239	5	64.89253	DPR-TFIDF
47	Q0	9066	6	64.775406	DPR-TFIDF
47	Q0	36145	7	64.54411	DPR-TFIDF
47	Q0	5962	8	59.169056	DPR-TFIDF
47	Q0	5989	9	59.152893	DPR-TFIDF
47	Q0	6134	10	56.149635	DPR-TFIDF
48	Q0	24904	1	88.20189	DPR-TFIDF
48	Q0	62699	2	79.857216	DPR-TFIDF
48	Q0	62500	3	78.10846	DPR-TFIDF
48	Q0	32524	4	74.47725	DPR-TFIDF
48	Q0	53025	5	71.305885	DPR-TFIDF
48	Q0	52966	6	71.305885	DPR-TFIDF
48	Q0	32875	7	71.08134	DPR-TFIDF
48	Q0	32872	8	70.48335	DPR-TFIDF
48	Q0	31997	9	66.17959	DPR-TFIDF
48	Q0	32056	10	58.871124	DPR-TFIDF
51	Q0	35710	1	91.41855	DPR-TFIDF
51	Q0	73029	2	87.945465	DPR-TFIDF
51	Q0	37167	3	84.32266	DPR-TFIDF
51	Q0	1905	4	84.17704	DPR-TFIDF
51	Q0	36408	5	81.98083	DPR-TFIDF
51	Q0	34827	6	80.142044	DPR-TFIDF
51	Q0	35501	7	79.123505	DPR-TFIDF
51	Q0	36432	8	78.488884	DPR-TFIDF
51	Q0	44398	9	72.0791	DPR-TFIDF
51	Q0	2779	10	70.49411	DPR-TFIDF
52	Q0	761	1	78.23369	DPR-TFIDF
52	Q0	12205	2	77.928406	DPR-TFIDF
52	Q0	42751	3	77.258644	DPR-TFIDF
52	Q0	36118	4	68.883896	DPR-TFIDF
52	Q0	2568	5	65.7948	DPR-TFIDF
52	Q0	24105	6	64.65609	DPR-TFIDF
52	Q0	7138	7	63.751537	DPR-TFIDF
52	Q0	2421	8	63.25359	DPR-TFIDF
52	Q0	85823	9	62.416656	DPR-TFIDF
52	Q0	5785	10	55.00573	DPR-TFIDF
57	Q0	82746	1	103.67379	DPR-TFIDF
57	Q0	82816	2	102.003334	DPR-TFIDF
57	Q0	83073	3	101.11731	DPR-TFIDF
57	Q0	82631	4	101.01681	DPR-TFIDF
57	Q0	83577	5	100.997635	DPR-TFIDF
57	Q0	10037	6	97.56905	DPR-TFIDF
57	Q0	85524	7	97.20549	DPR-TFIDF
57	Q0	70955	8	92.270905	DPR-TFIDF
57	Q0	23929	9	91.086914	DPR-TFIDF
57	Q0	50502	10	89.5403	DPR-TFIDF
60	Q0	63932	1	85.42064	DPR-TFIDF
60	Q0	63874	2	85.06549	DPR-TFIDF
60	Q0	63960	3	84.27943	DPR-TFIDF
60	Q0	37091	4	81.192276	DPR-TFIDF
60	Q0	37180	5	80.794044	DPR-TFIDF
60	Q0	3379	6	79.03198	DPR-TFIDF
60	Q0	42209	7	77.52798	DPR-TFIDF
60	Q0	36255	8	74.42744	DPR-TFIDF
60	Q0	29213	9	72.53093	DPR-TFIDF
60	Q0	35777	10	71.394775	DPR-TFIDF
61	Q0	37091	1	79.971245	DPR-TFIDF
61	Q0	37180	2	77.43542	DPR-TFIDF
61	Q0	29213	3	76.27795	DPR-TFIDF
61	Q0	63960	4	75.277565	DPR-TFIDF
61	Q0	63932	5	72.939415	DPR-TFIDF
61	Q0	35777	6	71.65297	DPR-TFIDF
61	Q0	42209	7	70.83108	DPR-TFIDF
61	Q0	63874	8	70.20209	DPR-TFIDF
61	Q0	3379	9	68.125275	DPR-TFIDF
61	Q0	36255	10	66.27759	DPR-TFIDF
63	Q0	38223	1	74.33612	DPR-TFIDF
63	Q0	5591	2	67.96809	DPR-TFIDF
63	Q0	11314	3	66.76302	DPR-TFIDF
63	Q0	40841	4	65.313	DPR-TFIDF
63	Q0	53821	5	64.72938	DPR-TFIDF
63	Q0	4796	6	63.878204	DPR-TFIDF
63	Q0	81113	7	62.435375	DPR-TFIDF
63	Q0	74971	8	61.251972	DPR-TFIDF
63	Q0	6516	9	60.05904	DPR-TFIDF
63	Q0	50606	10	59.792507	DPR-TFIDF
66	Q0	43927	1	73.90666	DPR-TFIDF
66	Q0	11577	2	73.746315	DPR-TFIDF
66	Q0	43870	3	73.69746	DPR-TFIDF
66	Q0	2964	4	73.230896	DPR-TFIDF
66	Q0	2911	5	73.02569	DPR-TFIDF
66	Q0	76929	6	71.9382	DPR-TFIDF
66	Q0	36118	7	66.6678	DPR-TFIDF
66	Q0	3094	8	64.76608	DPR-TFIDF
66	Q0	2981	9	63.31132	DPR-TFIDF
66	Q0	3139	10	62.30326	DPR-TFIDF
67	Q0	7912	1	73.249886	DPR-TFIDF
67	Q0	52542	2	72.03036	DPR-TFIDF
67	Q0	12239	3	71.607666	DPR-TFIDF
67	Q0	6579	4	71.199776	DPR-TFIDF
67	Q0	14488	5	70.74329	DPR-TFIDF
67	Q0	13289	6	70.14613	DPR-TFIDF
67	Q0	6733	7	68.485596	DPR-TFIDF
67	Q0	50649	8	67.26357	DPR-TFIDF
67	Q0	75997	9	66.975624	DPR-TFIDF
67	Q0	4589	10	66.566055	DPR-TFIDF
69	Q0	9498	1	68.26064	DPR-TFIDF
69	Q0	3713	2	66.738655	DPR-TFIDF
69	Q0	44023	3	66.376785	DPR-TFIDF
69	Q0	9488	4	66.359634	DPR-TFIDF
69	Q0	4440	5	61.967567	DPR-TFIDF
69	Q0	9486	6	59.86889	DPR-TFIDF
69	Q0	71374	7	58.84394	DPR-TFIDF
69	Q0	71582	8	54.944183	DPR-TFIDF
69	Q0	68854	9	52.36236	DPR-TFIDF
69	Q0	9819	10	51.85288	DPR-TFIDF
70	Q0	48367	1	77.65856	DPR-TFIDF
70	Q0	12237	2	77.486115	DPR-TFIDF
70	Q0	48371	3	71.92648	DPR-TFIDF
70	Q0	12090	4	71.39611	DPR-TFIDF
70	Q0	48403	5	70.977715	DPR-TFIDF
70	Q0	12303	6	70.78395	DPR-TFIDF
70	Q0	45641	7	67.12502	DPR-TFIDF
70	Q0	45877	8	66.62056	DPR-TFIDF
70	Q0	12228	9	65.82241	DPR-TFIDF
70	Q0	11711	10	64.972496	DPR-TFIDF
71	Q0	71537	1	77.890816	DPR-TFIDF
71	Q0	49806	2	77.4625	DPR-TFIDF
71	Q0	2493	3	75.95491	DPR-TFIDF
71	Q0	48004	4	72.87181	DPR-TFIDF
71	Q0	71635	5	71.078285	DPR-TFIDF
71	Q0	71655	6	71.04154	DPR-TFIDF
71	Q0	71494	7	70.175865	DPR-TFIDF
71	Q0	2650	8	68.8813	DPR-TFIDF
71	Q0	38325	9	55.93925	DPR-TFIDF
71	Q0	38411	10	55.934494	DPR-TFIDF
72	Q0	35501	1	98.415115	DPR-TFIDF
72	Q0	2149	2	96.99379	DPR-TFIDF
72	Q0	71408	3	92.520836	DPR-TFIDF
72	Q0	35213	4	89.44432	DPR-TFIDF
72	Q0	2593	5	80.70237	DPR-TFIDF
72	Q0	67942	6	80.01786	DPR-TFIDF
72	Q0	67961	7	79.7557	DPR-TFIDF
72	Q0	41290	8	76.91986	DPR-TFIDF
72	Q0	31820	9	76.09986	DPR-TFIDF
72	Q0	4461	10	75.34584	DPR-TFIDF
75	Q0	4916	1	92.134796	DPR-TFIDF
75	Q0	5543	2	90.33272	DPR-TFIDF
75	Q0	27745	3	89.842804	DPR-TFIDF
75	Q0	27185	4	84.3736	DPR-TFIDF
75	Q0	73938	5	84.238205	DPR-TFIDF
75	Q0	74090	6	84.238205	DPR-TFIDF
75	Q0	27395	7	84.183556	DPR-TFIDF
75	Q0	26856	8	84.183556	DPR-TFIDF
75	Q0	4317	9	81.34337	DPR-TFIDF
75	Q0	76380	10	79.558014	DPR-TFIDF
83	Q0	25051	1	91.130486	DPR-TFIDF
83	Q0	6103	2	87.17197	DPR-TFIDF
83	Q0	87389	3	85.126366	DPR-TFIDF
83	Q0	62010	4	83.37977	DPR-TFIDF
83	Q0	64576	5	81.50583	DPR-TFIDF
83	Q0	34452	6	78.04205	DPR-TFIDF
83	Q0	24866	7	67.873436	DPR-TFIDF
83	Q0	33353	8	67.74445	DPR-TFIDF
83	Q0	7504	9	66.104126	DPR-TFIDF
83	Q0	625	10	64.76906	DPR-TFIDF
85	Q0	7899	1	111.039444	DPR-TFIDF
85	Q0	7909	2	97.93071	DPR-TFIDF
85	Q0	46787	3	97.66264	DPR-TFIDF
85	Q0	24347	4	93.56552	DPR-TFIDF
85	Q0	7176	5	93.411156	DPR-TFIDF
85	Q0	2049	6	92.390335	DPR-TFIDF
85	Q0	8182	7	92.33293	DPR-TFIDF
85	Q0	65919	8	91.86846	DPR-TFIDF
85	Q0	2191	9	91.44491	DPR-TFIDF
85	Q0	7282	10	90.93011	DPR-TFIDF
88	Q0	48658	1	79.7232	DPR-TFIDF
88	Q0	51858	2	73.30312	DPR-TFIDF
88	Q0	25071	3	72.27368	DPR-TFIDF
88	Q0	38509	4	72.26809	DPR-TFIDF
88	Q0	49019	5	70.574905	DPR-TFIDF
88	Q0	8959	6	69.77488	DPR-TFIDF
88	Q0	69228	7	67.993095	DPR-TFIDF
88	Q0	3695	8	63.897507	DPR-TFIDF
88	Q0	3721	9	62.152145	DPR-TFIDF
88	Q0	12273	10	57.277225	DPR-TFIDF
92	Q0	63240	1	85.80751	DPR-TFIDF
92	Q0	66069	2	81.91336	DPR-TFIDF
92	Q0	11736	3	77.67497	DPR-TFIDF
92	Q0	81182	4	77.096344	DPR-TFIDF
92	Q0	63845	5	72.43673	DPR-TFIDF
92	Q0	44413	6	71.20569	DPR-TFIDF
92	Q0	43297	7	70.49257	DPR-TFIDF
92	Q0	10640	8	67.42467	DPR-TFIDF
92	Q0	55295	9	64.509254	DPR-TFIDF
92	Q0	31922	10	59.648033	DPR-TFIDF
100	Q0	8453	1	75.33626	DPR-TFIDF
100	Q0	926	2	73.09024	DPR-TFIDF
100	Q0	697	3	71.89938	DPR-TFIDF
100	Q0	8305	4	71.05719	DPR-TFIDF
100	Q0	75360	5	70.28067	DPR-TFIDF
100	Q0	71076	6	59.187405	DPR-TFIDF
100	Q0	69715	7	57.57305	DPR-TFIDF
100	Q0	71075	8	57.529163	DPR-TFIDF
100	Q0	9055	9	55.531082	DPR-TFIDF
100	Q0	32779	10	51.618965	DPR-TFIDF
104	Q0	32417	1	101.754364	DPR-TFIDF
104	Q0	35831	2	101.659164	DPR-TFIDF
104	Q0	32166	3	98.80538	DPR-TFIDF
104	Q0	32430	4	98.11984	DPR-TFIDF
104	Q0	5506	5	92.996155	DPR-TFIDF
104	Q0	34862	6	90.86757	DPR-TFIDF
104	Q0	3218	7	86.98274	DPR-TFIDF
104	Q0	3659	8	82.64592	DPR-TFIDF
104	Q0	43219	9	78.40689	DPR-TFIDF
104	Q0	9300	10	75.51189	DPR-TFIDF
105	Q0	3660	1	75.21713	DPR-TFIDF
105	Q0	11080	2	75.12733	DPR-TFIDF
105	Q0	31819	3	72.32597	DPR-TFIDF
105	Q0	8936	4	70.06662	DPR-TFIDF
105	Q0	11768	5	68.84124	DPR-TFIDF
105	Q0	46694	6	67.97974	DPR-TFIDF
105	Q0	625	7	66.19954	DPR-TFIDF
105	Q0	70723	8	65.13849	DPR-TFIDF
105	Q0	10658	9	61.476772	DPR-TFIDF
105	Q0	48013	10	60.443798	DPR-TFIDF
110	Q0	7020	1	83.30859	DPR-TFIDF
110	Q0	62488	2	81.29946	DPR-TFIDF
110	Q0	42750	3	80.7594	DPR-TFIDF
110	Q0	11951	4	76.15191	DPR-TFIDF
110	Q0	31928	5	76.05188	DPR-TFIDF
110	Q0	4605	6	73.65625	DPR-TFIDF
110	Q0	8325	7	70.787125	DPR-TFIDF
110	Q0	74889	8	70.16879	DPR-TFIDF
110	Q0	11053	9	66.51201	DPR-TFIDF
110	Q0	11705	10	64.98716	DPR-TFIDF
116	Q0	66193	1	107.05253	DPR-TFIDF
116	Q0	4751	2	99.64911	DPR-TFIDF
116	Q0	41876	3	94.53422	DPR-TFIDF
116	Q0	63861	4	94.02605	DPR-TFIDF
116	Q0	11944	5	93.625015	DPR-TFIDF
116	Q0	42707	6	89.38074	DPR-TFIDF
116	Q0	2738	7	86.698364	DPR-TFIDF
116	Q0	38066	8	86.00155	DPR-TFIDF
116	Q0	50982	9	85.68768	DPR-TFIDF
116	Q0	4799	10	83.57858	DPR-TFIDF
117	Q0	63268	1	102.58894	DPR-TFIDF
117	Q0	63269	2	102.264915	DPR-TFIDF
117	Q0	15243	3	94.74696	DPR-TFIDF
117	Q0	48354	4	90.102875	DPR-TFIDF
117	Q0	45700	5	85.01159	DPR-TFIDF
117	Q0	45604	6	84.17258	DPR-TFIDF
117	Q0	6046	7	83.70095	DPR-TFIDF
117	Q0	24902	8	83.48212	DPR-TFIDF
117	Q0	29436	9	82.889175	DPR-TFIDF
117	Q0	11285	10	80.37577	DPR-TFIDF
121	Q0	7991	1	92.16847	DPR-TFIDF
121	Q0	55395	2	91.68608	DPR-TFIDF
121	Q0	4908	3	72.66862	DPR-TFIDF
121	Q0	9798	4	72.649216	DPR-TFIDF
121	Q0	1667	5	72.483	DPR-TFIDF
121	Q0	9814	6	72.46984	DPR-TFIDF
121	Q0	3746	7	72.30673	DPR-TFIDF
121	Q0	5269	8	65.235954	DPR-TFIDF
121	Q0	1712	9	63.85947	DPR-TFIDF
121	Q0	579	10	60.67277	DPR-TFIDF
128	Q0	73770	1	93.821754	DPR-TFIDF
128	Q0	73782	2	93.32292	DPR-TFIDF
128	Q0	77242	3	92.61061	DPR-TFIDF
128	Q0	33533	4	91.23648	DPR-TFIDF
128	Q0	33302	5	90.96616	DPR-TFIDF
128	Q0	33206	6	90.49449	DPR-TFIDF
128	Q0	33179	7	89.6087	DPR-TFIDF
128	Q0	33495	8	85.4781	DPR-TFIDF
128	Q0	33113	9	85.463165	DPR-TFIDF
128	Q0	33549	10	81.72124	DPR-TFIDF
129	Q0	24087	1	70.53309	DPR-TFIDF
129	Q0	24051	2	69.01424	DPR-TFIDF
129	Q0	31957	3	68.67762	DPR-TFIDF
129	Q0	2207	4	68.49074	DPR-TFIDF
129	Q0	65658	5	66.031006	DPR-TFIDF
129	Q0	37260	6	65.01817	DPR-TFIDF
129	Q0	9715	7	63.12387	DPR-TFIDF
129	Q0	12333	8	62.048027	DPR-TFIDF
129	Q0	12339	9	60.966377	DPR-TFIDF
129	Q0	9809	10	60.716732	DPR-TFIDF
131	Q0	27108	1	93.13746	DPR-TFIDF
131	Q0	10426	2	90.46061	DPR-TFIDF
131	Q0	4749	3	83.45134	DPR-TFIDF
131	Q0	5814	4	81.34581	DPR-TFIDF
131	Q0	5483	5	79.23864	DPR-TFIDF
131	Q0	2848	6	78.49233	DPR-TFIDF
131	Q0	63308	7	76.76527	DPR-TFIDF
131	Q0	10265	8	76.68871	DPR-TFIDF
131	Q0	63381	9	75.04305	DPR-TFIDF
131	Q0	34936	10	66.281906	DPR-TFIDF
142	Q0	16076	1	77.400024	DPR-TFIDF
142	Q0	10146	2	75.36294	DPR-TFIDF
142	Q0	75595	3	74.98044	DPR-TFIDF
142	Q0	10454	4	72.70849	DPR-TFIDF
142	Q0	10449	5	72.56064	DPR-TFIDF
142	Q0	10450	6	71.929955	DPR-TFIDF
142	Q0	73734	7	71.929955	DPR-TFIDF
142	Q0	10451	8	71.23066	DPR-TFIDF
142	Q0	10452	9	70.65443	DPR-TFIDF
142	Q0	42698	10	49.670467	DPR-TFIDF
143	Q0	72626	1	77.814606	DPR-TFIDF
143	Q0	34936	2	73.80618	DPR-TFIDF
143	Q0	10271	3	70.56932	DPR-TFIDF
143	Q0	34760	4	69.73944	DPR-TFIDF
143	Q0	2982	5	69.25557	DPR-TFIDF
143	Q0	34799	6	68.89502	DPR-TFIDF
143	Q0	957	7	67.63556	DPR-TFIDF
143	Q0	7126	8	64.618	DPR-TFIDF
143	Q0	3628	9	61.423744	DPR-TFIDF
143	Q0	36491	10	57.776546	DPR-TFIDF
147	Q0	44211	1	71.08608	DPR-TFIDF
147	Q0	75616	2	70.958565	DPR-TFIDF
147	Q0	44369	3	68.609924	DPR-TFIDF
147	Q0	43450	4	67.411	DPR-TFIDF
147	Q0	3151	5	66.902504	DPR-TFIDF
147	Q0	4394	6	66.81767	DPR-TFIDF
147	Q0	47953	7	65.401955	DPR-TFIDF
147	Q0	44676	8	64.04382	DPR-TFIDF
147	Q0	65768	9	60.082504	DPR-TFIDF
147	Q0	66018	10	55.30104	DPR-TFIDF
158	Q0	15250	1	91.63608	DPR-TFIDF
158	Q0	13815	2	91.63608	DPR-TFIDF
158	Q0	48476	3	83.95126	DPR-TFIDF
158	Q0	2664	4	82.312515	DPR-TFIDF
158	Q0	2687	5	81.75462	DPR-TFIDF
158	Q0	48737	6	80.50648	DPR-TFIDF
158	Q0	2659	7	80.281845	DPR-TFIDF
158	Q0	2509	8	79.632706	DPR-TFIDF
158	Q0	38033	9	76.336716	DPR-TFIDF
158	Q0	34714	10	67.30793	DPR-TFIDF
167	Q0	31069	1	72.1444	DPR-TFIDF
167	Q0	69989	2	71.4014	DPR-TFIDF
167	Q0	86434	3	64.44145	DPR-TFIDF
167	Q0	76238	4	63.574463	DPR-TFIDF
167	Q0	9935	5	63.440845	DPR-TFIDF
167	Q0	3364	6	62.97122	DPR-TFIDF
167	Q0	1628	7	62.25311	DPR-TFIDF
167	Q0	74995	8	61.53243	DPR-TFIDF
167	Q0	5538	9	61.343163	DPR-TFIDF
167	Q0	4545	10	59.56579	DPR-TFIDF
168	Q0	5082	1	100.43971	DPR-TFIDF
168	Q0	5255	2	100.43971	DPR-TFIDF
168	Q0	5476	3	95.40073	DPR-TFIDF
168	Q0	4856	4	95.40073	DPR-TFIDF
168	Q0	5055	5	92.44584	DPR-TFIDF
168	Q0	5122	6	91.25983	DPR-TFIDF
168	Q0	1786	7	90.781845	DPR-TFIDF
168	Q0	5376	8	90.56057	DPR-TFIDF
168	Q0	4846	9	89.74653	DPR-TFIDF
168	Q0	5351	10	88.95907	DPR-TFIDF
178	Q0	38233	1	104.49536	DPR-TFIDF
178	Q0	2095	2	101.547585	DPR-TFIDF
178	Q0	38223	3	95.18822	DPR-TFIDF
178	Q0	41987	4	92.76129	DPR-TFIDF
178	Q0	38321	5	92.11684	DPR-TFIDF
178	Q0	3568	6	91.457184	DPR-TFIDF
178	Q0	87963	7	90.88118	DPR-TFIDF
178	Q0	5591	8	81.05009	DPR-TFIDF
178	Q0	5577	9	80.71139	DPR-TFIDF
178	Q0	5568	10	80.66919	DPR-TFIDF
187	Q0	54136	1	91.60448	DPR-TFIDF
187	Q0	53829	2	91.01724	DPR-TFIDF
187	Q0	26139	3	90.42512	DPR-TFIDF
187	Q0	53950	4	89.77285	DPR-TFIDF
187	Q0	16078	5	83.01209	DPR-TFIDF
187	Q0	54079	6	80.73048	DPR-TFIDF
187	Q0	26159	7	75.353386	DPR-TFIDF
187	Q0	3725	8	72.84934	DPR-TFIDF
187	Q0	6127	9	71.94368	DPR-TFIDF
187	Q0	9697	10	68.25873	DPR-TFIDF
188	Q0	84311	1	92.23441	DPR-TFIDF
188	Q0	23406	2	86.07954	DPR-TFIDF
188	Q0	28924	3	80.950226	DPR-TFIDF
188	Q0	28671	4	75.47179	DPR-TFIDF
188	Q0	35459	5	74.25212	DPR-TFIDF
188	Q0	10091	6	72.60926	DPR-TFIDF
188	Q0	49714	7	72.519226	DPR-TFIDF
188	Q0	28744	8	71.069664	DPR-TFIDF
188	Q0	34662	9	67.83079	DPR-TFIDF
188	Q0	28732	10	63.93116	DPR-TFIDF
200	Q0	28921	1	89.12942	DPR-TFIDF
200	Q0	29064	2	84.362915	DPR-TFIDF
200	Q0	32497	3	82.92069	DPR-TFIDF
200	Q0	50599	4	82.608284	DPR-TFIDF
200	Q0	32507	5	79.872894	DPR-TFIDF
200	Q0	32483	6	76.02943	DPR-TFIDF
200	Q0	32498	7	75.53321	DPR-TFIDF
200	Q0	5384	8	74.01727	DPR-TFIDF
200	Q0	71513	9	70.56743	DPR-TFIDF
200	Q0	5262	10	65.240906	DPR-TFIDF
203	Q0	14011	1	70.249626	DPR-TFIDF
203	Q0	5901	2	65.34563	DPR-TFIDF
203	Q0	11180	3	63.300343	DPR-TFIDF
203	Q0	11696	4	59.613243	DPR-TFIDF
203	Q0	42885	5	58.37873	DPR-TFIDF
203	Q0	2886	6	58.13301	DPR-TFIDF
203	Q0	43722	7	58.13301	DPR-TFIDF
203	Q0	6164	8	58.103313	DPR-TFIDF
203	Q0	29859	9	58.103313	DPR-TFIDF
203	Q0	46370	10	57.972046	DPR-TFIDF
218	Q0	12547	1	84.9821	DPR-TFIDF
218	Q0	13369	2	82.44537	DPR-TFIDF
218	Q0	14336	3	81.81682	DPR-TFIDF
218	Q0	14751	4	79.90042	DPR-TFIDF
218	Q0	13845	5	73.44259	DPR-TFIDF
218	Q0	15205	6	73.44259	DPR-TFIDF
218	Q0	14543	7	70.81222	DPR-TFIDF
218	Q0	13474	8	69.52923	DPR-TFIDF
218	Q0	4818	9	69.42388	DPR-TFIDF
218	Q0	6397	10	63.0371	DPR-TFIDF
219	Q0	3036	1	79.9695	DPR-TFIDF
219	Q0	3232	2	78.259636	DPR-TFIDF
219	Q0	41944	3	77.08877	DPR-TFIDF
219	Q0	62203	4	71.14903	DPR-TFIDF
219	Q0	48006	5	65.72186	DPR-TFIDF
219	Q0	63444	6	60.47377	DPR-TFIDF
219	Q0	34181	7	58.056664	DPR-TFIDF
219	Q0	32314	8	55.932045	DPR-TFIDF
219	Q0	32275	9	54.577206	DPR-TFIDF
219	Q0	75125	10	36.435974	DPR-TFIDF
231	Q0	47631	1	96.23584	DPR-TFIDF
231	Q0	47623	2	93.462685	DPR-TFIDF
231	Q0	47621	3	91.42409	DPR-TFIDF
231	Q0	47627	4	91.29758	DPR-TFIDF
231	Q0	47589	5	91.20793	DPR-TFIDF
231	Q0	47617	6	90.993835	DPR-TFIDF
231	Q0	47606	7	90.96122	DPR-TFIDF
231	Q0	63717	8	90.62516	DPR-TFIDF
231	Q0	47592	9	90.50856	DPR-TFIDF
231	Q0	68868	10	86.17561	DPR-TFIDF
232	Q0	41857	1	95.28912	DPR-TFIDF
232	Q0	2874	2	91.00646	DPR-TFIDF
232	Q0	41849	3	90.37151	DPR-TFIDF
232	Q0	41939	4	88.80668	DPR-TFIDF
232	Q0	2826	5	88.59334	DPR-TFIDF
232	Q0	41863	6	88.42139	DPR-TFIDF
232	Q0	54083	7	87.663414	DPR-TFIDF
232	Q0	54266	8	87.37645	DPR-TFIDF
232	Q0	3051	9	86.253075	DPR-TFIDF
232	Q0	52990	10	84.590195	DPR-TFIDF
252	Q0	5721	1	78.03232	DPR-TFIDF
252	Q0	11044	2	77.735374	DPR-TFIDF
252	Q0	11374	3	77.73457	DPR-TFIDF
252	Q0	50559	4	74.65484	DPR-TFIDF
252	Q0	4007	5	72.98511	DPR-TFIDF
252	Q0	32501	6	71.910194	DPR-TFIDF
252	Q0	1031	7	65.923965	DPR-TFIDF
252	Q0	34343	8	60.304623	DPR-TFIDF
252	Q0	1622	9	59.592476	DPR-TFIDF
252	Q0	34449	10	59.29713	DPR-TFIDF
1008	Q0	10889	1	105.667816	DPR-TFIDF
1008	Q0	31861	2	102.35632	DPR-TFIDF
1008	Q0	33345	3	96.926544	DPR-TFIDF
1008	Q0	68949	4	89.57887	DPR-TFIDF
1008	Q0	9006	5	88.872284	DPR-TFIDF
1008	Q0	2223	6	88.7251	DPR-TFIDF
1008	Q0	9969	7	85.54443	DPR-TFIDF
1008	Q0	75651	8	85.448166	DPR-TFIDF
1008	Q0	62570	9	82.825096	DPR-TFIDF
1008	Q0	11680	10	80.12656	DPR-TFIDF
1016	Q0	32491	1	88.64585	DPR-TFIDF
1016	Q0	74801	2	85.34526	DPR-TFIDF
1016	Q0	75337	3	85.23019	DPR-TFIDF
1016	Q0	3647	4	83.61003	DPR-TFIDF
1016	Q0	6888	5	80.58858	DPR-TFIDF
1016	Q0	6688	6	76.61344	DPR-TFIDF
1016	Q0	41566	7	75.37826	DPR-TFIDF
1016	Q0	32515	8	71.74336	DPR-TFIDF
1016	Q0	8392	9	70.22737	DPR-TFIDF
1016	Q0	74902	10	69.973946	DPR-TFIDF
1017	Q0	14308	1	108.520935	DPR-TFIDF
1017	Q0	13339	2	108.47245	DPR-TFIDF
1017	Q0	8022	3	95.89258	DPR-TFIDF
1017	Q0	55229	4	95.49991	DPR-TFIDF
1017	Q0	9851	5	92.33548	DPR-TFIDF
1017	Q0	3751	6	85.136086	DPR-TFIDF
1017	Q0	11565	7	78.41992	DPR-TFIDF
1017	Q0	71560	8	66.55821	DPR-TFIDF
1017	Q0	76308	9	65.51043	DPR-TFIDF
1017	Q0	66417	10	64.52892	DPR-TFIDF
1025	Q0	50901	1	99.86364	DPR-TFIDF
1025	Q0	9456	2	92.41518	DPR-TFIDF
1025	Q0	42956	3	89.66755	DPR-TFIDF
1025	Q0	30667	4	87.15814	DPR-TFIDF
1025	Q0	9465	5	85.746635	DPR-TFIDF
1025	Q0	3159	6	84.427605	DPR-TFIDF
1025	Q0	2544	7	82.01151	DPR-TFIDF
1025	Q0	44059	8	75.95301	DPR-TFIDF
1025	Q0	64284	9	73.845795	DPR-TFIDF
1025	Q0	32047	10	71.06456	DPR-TFIDF
1032	Q0	74404	1	92.293396	DPR-TFIDF
1032	Q0	71703	2	90.73204	DPR-TFIDF
1032	Q0	62269	3	90.54431	DPR-TFIDF
1032	Q0	71714	4	85.82978	DPR-TFIDF
1032	Q0	51844	5	83.99566	DPR-TFIDF
1032	Q0	63846	6	83.589005	DPR-TFIDF
1032	Q0	63858	7	80.294716	DPR-TFIDF
1032	Q0	5686	8	80.25849	DPR-TFIDF
1032	Q0	52099	9	78.76729	DPR-TFIDF
1032	Q0	3527	10	68.11915	DPR-TFIDF
1033	Q0	23914	1	135.85283	DPR-TFIDF
1033	Q0	2091	2	135.17355	DPR-TFIDF
1033	Q0	35526	3	127.24489	DPR-TFIDF
1033	Q0	61394	4	125.14124	DPR-TFIDF
1033	Q0	9312	5	124.91835	DPR-TFIDF
1033	Q0	69033	6	123.971466	DPR-TFIDF
1033	Q0	35142	7	123.7061	DPR-TFIDF
1033	Q0	2836	8	122.07167	DPR-TFIDF
1033	Q0	42321	9	121.535675	DPR-TFIDF
1033	Q0	30903	10	114.83973	DPR-TFIDF
1040	Q0	69006	1	80.62317	DPR-TFIDF
1040	Q0	9291	2	80.42585	DPR-TFIDF
1040	Q0	9995	3	80.29266	DPR-TFIDF
1040	Q0	8213	4	80.26336	DPR-TFIDF
1040	Q0	11382	5	74.307755	DPR-TFIDF
1040	Q0	9039	6	71.997955	DPR-TFIDF
1040	Q0	9091	7	69.792946	DPR-TFIDF
1040	Q0	61458	8	68.33849	DPR-TFIDF
1040	Q0	9261	9	62.358	DPR-TFIDF
1040	Q0	9329	10	61.696068	DPR-TFIDF
1047	Q0	63150	1	92.48374	DPR-TFIDF
1047	Q0	33285	2	92.34262	DPR-TFIDF
1047	Q0	33257	3	92.06093	DPR-TFIDF
1047	Q0	33297	4	91.872345	DPR-TFIDF
1047	Q0	33259	5	91.30175	DPR-TFIDF
1047	Q0	33286	6	90.15282	DPR-TFIDF
1047	Q0	33268	7	90.11479	DPR-TFIDF
1047	Q0	2975	8	85.05337	DPR-TFIDF
1047	Q0	87550	9	80.72421	DPR-TFIDF
1047	Q0	2645	10	66.59502	DPR-TFIDF
1048	Q0	63383	1	85.209984	DPR-TFIDF
1048	Q0	63398	2	81.76649	DPR-TFIDF
1048	Q0	63432	3	80.78439	DPR-TFIDF
1048	Q0	12236	4	79.29547	DPR-TFIDF
1048	Q0	62313	5	78.10031	DPR-TFIDF
1048	Q0	24613	6	69.5035	DPR-TFIDF
1048	Q0	12119	7	68.92735	DPR-TFIDF
1048	Q0	65903	8	64.65099	DPR-TFIDF
1048	Q0	6558	9	62.118427	DPR-TFIDF
1048	Q0	55905	10	59.383144	DPR-TFIDF
1051	Q0	14324	1	106.59268	DPR-TFIDF
1051	Q0	13347	2	105.251465	DPR-TFIDF
1051	Q0	14277	3	98.47408	DPR-TFIDF
1051	Q0	13283	4	97.937225	DPR-TFIDF
1051	Q0	14546	5	96.94211	DPR-TFIDF
1051	Q0	12636	6	96.087364	DPR-TFIDF
1051	Q0	51081	7	90.01484	DPR-TFIDF
1051	Q0	14177	8	82.55505	DPR-TFIDF
1051	Q0	7548	9	62.176792	DPR-TFIDF
1051	Q0	1023	10	56.63285	DPR-TFIDF
1052	Q0	79299	1	86.432816	DPR-TFIDF
1052	Q0	27341	2	81.75702	DPR-TFIDF
1052	Q0	7542	3	75.67172	DPR-TFIDF
1052	Q0	11787	4	75.20094	DPR-TFIDF
1052	Q0	11788	5	74.742584	DPR-TFIDF
1052	Q0	41091	6	71.64525	DPR-TFIDF
1052	Q0	41054	7	68.645515	DPR-TFIDF
1052	Q0	11814	8	67.794815	DPR-TFIDF
1052	Q0	11795	9	64.681625	DPR-TFIDF
1052	Q0	41087	10	64.141266	DPR-TFIDF
1057	Q0	14352	1	90.89722	DPR-TFIDF
1057	Q0	13379	2	86.81154	DPR-TFIDF
1057	Q0	14751	3	86.2429	DPR-TFIDF
1057	Q0	14750	4	83.7494	DPR-TFIDF
1057	Q0	8000	5	70.82004	DPR-TFIDF
1057	Q0	7763	6	70.81017	DPR-TFIDF
1057	Q0	7965	7	70.39285	DPR-TFIDF
1057	Q0	52635	8	67.68269	DPR-TFIDF
1057	Q0	53158	9	66.00873	DPR-TFIDF
1057	Q0	7967	10	62.418037	DPR-TFIDF
1060	Q0	55886	1	115.2987	DPR-TFIDF
1060	Q0	34255	2	111.99161	DPR-TFIDF
1060	Q0	55907	3	106.134705	DPR-TFIDF
1060	Q0	77588	4	94.37975	DPR-TFIDF
1060	Q0	31199	5	93.32777	DPR-TFIDF
1060	Q0	34228	6	92.83229	DPR-TFIDF
1060	Q0	10970	7	88.53869	DPR-TFIDF
1060	Q0	34284	8	88.472176	DPR-TFIDF
1060	Q0	69303	9	86.962425	DPR-TFIDF
1060	Q0	47166	10	84.37744	DPR-TFIDF
1061	Q0	2307	1	123.30948	DPR-TFIDF
1061	Q0	49055	2	121.45085	DPR-TFIDF
1061	Q0	49280	3	117.69721	DPR-TFIDF
1061	Q0	4601	4	114.777695	DPR-TFIDF
1061	Q0	48771	5	112.92479	DPR-TFIDF
1061	Q0	2648	6	105.11214	DPR-TFIDF
1061	Q0	2520	7	101.31734	DPR-TFIDF
1061	Q0	49190	8	100.1945	DPR-TFIDF
1061	Q0	10275	9	91.31255	DPR-TFIDF
1061	Q0	50149	10	91.07149	DPR-TFIDF
1063	Q0	14509	1	89.01411	DPR-TFIDF
1063	Q0	13349	2	87.24493	DPR-TFIDF
1063	Q0	76499	3	85.40674	DPR-TFIDF
1063	Q0	7333	4	85.145386	DPR-TFIDF
1063	Q0	14013	5	82.34761	DPR-TFIDF
1063	Q0	32290	6	78.77968	DPR-TFIDF
1063	Q0	4103	7	77.83414	DPR-TFIDF
1063	Q0	62736	8	76.39474	DPR-TFIDF
1063	Q0	75997	9	75.94101	DPR-TFIDF
1063	Q0	6733	10	74.19256	DPR-TFIDF
1066	Q0	15186	1	100.171616	DPR-TFIDF
1066	Q0	15187	2	89.56152	DPR-TFIDF
1066	Q0	15175	3	83.83815	DPR-TFIDF
1066	Q0	9054	4	78.71295	DPR-TFIDF
1066	Q0	15191	5	73.78998	DPR-TFIDF
1066	Q0	7254	6	73.619804	DPR-TFIDF
1066	Q0	7147	7	72.99147	DPR-TFIDF
1066	Q0	87109	8	70.92463	DPR-TFIDF
1066	Q0	11112	9	69.45414	DPR-TFIDF
1066	Q0	45735	10	66.24773	DPR-TFIDF
1067	Q0	27108	1	91.42993	DPR-TFIDF
1067	Q0	65661	2	91.117424	DPR-TFIDF
1067	Q0	11145	3	85.08826	DPR-TFIDF
1067	Q0	86278	4	84.09219	DPR-TFIDF
1067	Q0	28516	5	83.01251	DPR-TFIDF
1067	Q0	28527	6	82.684265	DPR-TFIDF
1067	Q0	1748	7	82.14989	DPR-TFIDF
1067	Q0	28526	8	80.997856	DPR-TFIDF
1067	Q0	1622	9	79.624115	DPR-TFIDF
1067	Q0	10544	10	77.888596	DPR-TFIDF
1069	Q0	9877	1	81.4001	DPR-TFIDF
1069	Q0	8885	2	79.42787	DPR-TFIDF
1069	Q0	69209	3	72.53889	DPR-TFIDF
1069	Q0	9056	4	70.279854	DPR-TFIDF
1069	Q0	9311	5	65.542595	DPR-TFIDF
1069	Q0	69834	6	65.44312	DPR-TFIDF
1069	Q0	10455	7	62.596146	DPR-TFIDF
1069	Q0	10196	8	60.91706	DPR-TFIDF
1069	Q0	46850	9	58.388535	DPR-TFIDF
1069	Q0	75760	10	57.751003	DPR-TFIDF
1070	Q0	14530	1	103.36653	DPR-TFIDF
1070	Q0	8984	2	95.72714	DPR-TFIDF
1070	Q0	15006	3	89.959	DPR-TFIDF
1070	Q0	14924	4	89.376236	DPR-TFIDF
1070	Q0	13579	5	89.376236	DPR-TFIDF
1070	Q0	13611	6	88.8162	DPR-TFIDF
1070	Q0	15054	7	88.8162	DPR-TFIDF
1070	Q0	6397	8	75.58018	DPR-TFIDF
1070	Q0	12113	9	69.66344	DPR-TFIDF
1070	Q0	24494	10	69.01223	DPR-TFIDF
1071	Q0	68424	1	105.354866	DPR-TFIDF
1071	Q0	15174	2	101.99408	DPR-TFIDF
1071	Q0	15191	3	99.0942	DPR-TFIDF
1071	Q0	15175	4	95.70915	DPR-TFIDF
1071	Q0	15173	5	95.38909	DPR-TFIDF
1071	Q0	15176	6	91.14905	DPR-TFIDF
1071	Q0	15192	7	88.8111	DPR-TFIDF
1071	Q0	15186	8	85.70218	DPR-TFIDF
1071	Q0	15187	9	84.06182	DPR-TFIDF
1071	Q0	599	10	81.37476	DPR-TFIDF
1072	Q0	87649	1	94.72708	DPR-TFIDF
1072	Q0	4379	2	90.68415	DPR-TFIDF
1072	Q0	45448	3	83.047775	DPR-TFIDF
1072	Q0	31088	4	76.99751	DPR-TFIDF
1072	Q0	15004	5	74.40059	DPR-TFIDF
1072	Q0	1903	6	71.32992	DPR-TFIDF
1072	Q0	15716	7	70.5157	DPR-TFIDF
1072	Q0	69228	8	66.4098	DPR-TFIDF
1072	Q0	7955	9	63.55407	DPR-TFIDF
1072	Q0	9436	10	62.624886	DPR-TFIDF
1075	Q0	26139	1	88.68962	DPR-TFIDF
1075	Q0	50528	2	86.033646	DPR-TFIDF
1075	Q0	54136	3	81.423004	DPR-TFIDF
1075	Q0	53950	4	80.93556	DPR-TFIDF
1075	Q0	66526	5	76.65849	DPR-TFIDF
1075	Q0	16078	6	74.85614	DPR-TFIDF
1075	Q0	2946	7	67.755135	DPR-TFIDF
1075	Q0	3079	8	65.77117	DPR-TFIDF
1075	Q0	2848	9	61.78122	DPR-TFIDF
1075	Q0	5262	10	58.07019	DPR-TFIDF
1083	Q0	62667	1	128.35747	DPR-TFIDF
1083	Q0	62562	2	125.61736	DPR-TFIDF
1083	Q0	9312	3	122.70018	DPR-TFIDF
1083	Q0	69033	4	121.331764	DPR-TFIDF
1083	Q0	36115	5	115.59935	DPR-TFIDF
1083	Q0	31736	6	108.16489	DPR-TFIDF
1083	Q0	1902	7	76.17804	DPR-TFIDF
1083	Q0	1901	8	74.8006	DPR-TFIDF
1083	Q0	1899	9	74.8006	DPR-TFIDF
1083	Q0	1900	10	72.08815	DPR-TFIDF
1085	Q0	69539	1	96.859085	DPR-TFIDF
1085	Q0	9307	2	95.34693	DPR-TFIDF
1085	Q0	70885	3	94.2707	DPR-TFIDF
1085	Q0	7020	4	92.69008	DPR-TFIDF
1085	Q0	3647	5	86.89249	DPR-TFIDF
1085	Q0	71493	6	75.46863	DPR-TFIDF
1085	Q0	71467	7	71.07585	DPR-TFIDF
1085	Q0	71416	8	70.570244	DPR-TFIDF
1085	Q0	4045	9	67.407814	DPR-TFIDF
1085	Q0	3290	10	67.021614	DPR-TFIDF
1088	Q0	650	1	96.21568	DPR-TFIDF
1088	Q0	4147	2	93.2543	DPR-TFIDF
1088	Q0	1621	3	92.909645	DPR-TFIDF
1088	Q0	648	4	92.13504	DPR-TFIDF
1088	Q0	3945	5	90.26806	DPR-TFIDF
1088	Q0	1606	6	89.85898	DPR-TFIDF
1088	Q0	710	7	89.727135	DPR-TFIDF
1088	Q0	1594	8	87.711365	DPR-TFIDF
1088	Q0	4148	9	87.2136	DPR-TFIDF
1088	Q0	1009	10	86.49216	DPR-TFIDF
1092	Q0	14324	1	81.22143	DPR-TFIDF
1092	Q0	69303	2	75.440094	DPR-TFIDF
1092	Q0	8533	3	73.363464	DPR-TFIDF
1092	Q0	7128	4	69.24638	DPR-TFIDF
1092	Q0	4191	5	69.164955	DPR-TFIDF
1092	Q0	77588	6	69.03258	DPR-TFIDF
1092	Q0	77461	7	68.932495	DPR-TFIDF
1092	Q0	5997	8	68.54625	DPR-TFIDF
1092	Q0	10510	9	67.33085	DPR-TFIDF
1092	Q0	7705	10	61.119144	DPR-TFIDF
1104	Q0	2332	1	98.300766	DPR-TFIDF
1104	Q0	2291	2	94.90398	DPR-TFIDF
1104	Q0	48884	3	92.86177	DPR-TFIDF
1104	Q0	2497	4	92.34787	DPR-TFIDF
1104	Q0	48848	5	91.71884	DPR-TFIDF
1104	Q0	48423	6	90.11662	DPR-TFIDF
1104	Q0	2482	7	89.9124	DPR-TFIDF
1104	Q0	48682	8	87.67825	DPR-TFIDF
1104	Q0	2505	9	86.192856	DPR-TFIDF
1104	Q0	2646	10	72.58432	DPR-TFIDF
1105	Q0	55886	1	116.84389	DPR-TFIDF
1105	Q0	34255	2	106.71529	DPR-TFIDF
1105	Q0	6705	3	106.195114	DPR-TFIDF
1105	Q0	9550	4	100.38582	DPR-TFIDF
1105	Q0	55907	5	99.915764	DPR-TFIDF
1105	Q0	34284	6	97.83545	DPR-TFIDF
1105	Q0	4574	7	92.919525	DPR-TFIDF
1105	Q0	53634	8	90.56474	DPR-TFIDF
1105	Q0	34228	9	87.087906	DPR-TFIDF
1105	Q0	53642	10	85.80821	DPR-TFIDF
1110	Q0	961	1	108.20089	DPR-TFIDF
1110	Q0	16038	2	96.944016	DPR-TFIDF
1110	Q0	74398	3	96.26967	DPR-TFIDF
1110	Q0	74396	4	94.53529	DPR-TFIDF
1110	Q0	63462	5	92.00444	DPR-TFIDF
1110	Q0	10363	6	87.50016	DPR-TFIDF
1110	Q0	14196	7	83.16109	DPR-TFIDF
1110	Q0	77539	8	79.15382	DPR-TFIDF
1110	Q0	31401	9	75.286255	DPR-TFIDF
1110	Q0	43031	10	71.32242	DPR-TFIDF
1117	Q0	15002	1	81.68534	DPR-TFIDF
1117	Q0	75464	2	81.486534	DPR-TFIDF
1117	Q0	7312	3	81.24802	DPR-TFIDF
1117	Q0	15012	4	81.19105	DPR-TFIDF
1117	Q0	15001	5	80.89952	DPR-TFIDF
1117	Q0	2868	6	73.895226	DPR-TFIDF
1117	Q0	42049	7	73.83138	DPR-TFIDF
1117	Q0	15008	8	73.52664	DPR-TFIDF
1117	Q0	9083	9	73.32592	DPR-TFIDF
1117	Q0	4743	10	68.91672	DPR-TFIDF
1121	Q0	3801	1	86.01575	DPR-TFIDF
1121	Q0	3327	2	86.01575	DPR-TFIDF
1121	Q0	1927	3	86.01575	DPR-TFIDF
1121	Q0	8006	4	86.01575	DPR-TFIDF
1121	Q0	9540	5	86.01575	DPR-TFIDF
1121	Q0	75783	6	85.212906	DPR-TFIDF
1121	Q0	7753	7	84.34931	DPR-TFIDF
1121	Q0	11414	8	79.00541	DPR-TFIDF
1121	Q0	34340	9	72.506226	DPR-TFIDF
1121	Q0	1875	10	71.06639	DPR-TFIDF
1128	Q0	24695	1	94.61856	DPR-TFIDF
1128	Q0	2579	2	94.52802	DPR-TFIDF
1128	Q0	2143	3	92.52382	DPR-TFIDF
1128	Q0	2024	4	91.40821	DPR-TFIDF
1128	Q0	4557	5	88.798355	DPR-TFIDF
1128	Q0	88130	6	88.448235	DPR-TFIDF
1128	Q0	62237	7	87.432785	DPR-TFIDF
1128	Q0	24599	8	85.54109	DPR-TFIDF
1128	Q0	2398	9	85.22842	DPR-TFIDF
1128	Q0	3045	10	82.35549	DPR-TFIDF
1129	Q0	52854	1	88.726944	DPR-TFIDF
1129	Q0	62171	2	87.03887	DPR-TFIDF
1129	Q0	62325	3	86.411285	DPR-TFIDF
1129	Q0	62290	4	84.989624	DPR-TFIDF
1129	Q0	62448	5	84.04834	DPR-TFIDF
1129	Q0	37243	6	83.683876	DPR-TFIDF
1129	Q0	7174	7	81.992226	DPR-TFIDF
1129	Q0	63242	8	81.27206	DPR-TFIDF
1129	Q0	36628	9	78.76693	DPR-TFIDF
1129	Q0	35317	10	67.2013	DPR-TFIDF
1131	Q0	24411	1	79.92871	DPR-TFIDF
1131	Q0	2432	2	78.29915	DPR-TFIDF
1131	Q0	13049	3	77.53463	DPR-TFIDF
1131	Q0	37632	4	76.64111	DPR-TFIDF
1131	Q0	13101	5	76.116394	DPR-TFIDF
1131	Q0	35349	6	75.28195	DPR-TFIDF
1131	Q0	12866	7	74.71669	DPR-TFIDF
1131	Q0	12586	8	73.31088	DPR-TFIDF
1131	Q0	7840	9	72.48463	DPR-TFIDF
1131	Q0	11586	10	67.71456	DPR-TFIDF
1142	Q0	65994	1	80.27669	DPR-TFIDF
1142	Q0	50557	2	79.704735	DPR-TFIDF
1142	Q0	8006	3	75.81865	DPR-TFIDF
1142	Q0	9540	4	75.81865	DPR-TFIDF
1142	Q0	1927	5	75.81865	DPR-TFIDF
1142	Q0	3801	6	75.81865	DPR-TFIDF
1142	Q0	3327	7	75.81865	DPR-TFIDF
1142	Q0	34340	8	66.27136	DPR-TFIDF
1142	Q0	7992	9	64.632065	DPR-TFIDF
1142	Q0	7747	10	64.157875	DPR-TFIDF
1143	Q0	79232	1	107.13622	DPR-TFIDF
1143	Q0	41765	2	100.02339	DPR-TFIDF
1143	Q0	11896	3	97.51107	DPR-TFIDF
1143	Q0	11940	4	96.55045	DPR-TFIDF
1143	Q0	12518	5	95.45769	DPR-TFIDF
1143	Q0	3369	6	94.86277	DPR-TFIDF
1143	Q0	7248	7	89.942825	DPR-TFIDF
1143	Q0	8724	8	88.5491	DPR-TFIDF
1143	Q0	75901	9	87.83502	DPR-TFIDF
1143	Q0	4455	10	83.73127	DPR-TFIDF
1147	Q0	1186	1	98.21239	DPR-TFIDF
1147	Q0	2734	2	96.85841	DPR-TFIDF
1147	Q0	44039	3	94.46726	DPR-TFIDF
1147	Q0	2696	4	93.19934	DPR-TFIDF
1147	Q0	6554	5	84.08478	DPR-TFIDF
1147	Q0	43079	6	74.02778	DPR-TFIDF
1147	Q0	4555	7	71.94407	DPR-TFIDF
1147	Q0	3177	8	69.391174	DPR-TFIDF
1147	Q0	2710	9	69.16052	DPR-TFIDF
1147	Q0	50923	10	64.73553	DPR-TFIDF
1158	Q0	38521	1	80.867584	DPR-TFIDF
1158	Q0	32223	2	76.96722	DPR-TFIDF
1158	Q0	8235	3	72.01084	DPR-TFIDF
1158	Q0	8836	4	71.38648	DPR-TFIDF
1158	Q0	8260	5	70.985954	DPR-TFIDF
1158	Q0	76347	6	70.53076	DPR-TFIDF
1158	Q0	8330	7	70.45169	DPR-TFIDF
1158	Q0	1951	8	69.83425	DPR-TFIDF
1158	Q0	52584	9	69.385086	DPR-TFIDF
1158	Q0	39152	10	68.8609	DPR-TFIDF
1167	Q0	14177	1	102.90923	DPR-TFIDF
1167	Q0	13043	2	99.571175	DPR-TFIDF
1167	Q0	14084	3	91.744965	DPR-TFIDF
1167	Q0	82037	4	90.360405	DPR-TFIDF
1167	Q0	10859	5	90.22238	DPR-TFIDF
1167	Q0	9378	6	84.54153	DPR-TFIDF
1167	Q0	40856	7	83.00042	DPR-TFIDF
1167	Q0	8985	8	80.824455	DPR-TFIDF
1167	Q0	27583	9	80.20967	DPR-TFIDF
1167	Q0	11636	10	65.9548	DPR-TFIDF
1168	Q0	61654	1	85.37061	DPR-TFIDF
1168	Q0	61393	2	84.57119	DPR-TFIDF
1168	Q0	71467	3	79.898735	DPR-TFIDF
1168	Q0	71458	4	79.62909	DPR-TFIDF
1168	Q0	2434	5	71.482086	DPR-TFIDF
1168	Q0	42378	6	70.23457	DPR-TFIDF
1168	Q0	63142	7	69.352745	DPR-TFIDF
1168	Q0	31986	8	59.364433	DPR-TFIDF
1168	Q0	4220	9	55.080296	DPR-TFIDF
1168	Q0	30999	10	47.459705	DPR-TFIDF
1178	Q0	14491	1	78.096115	DPR-TFIDF
1178	Q0	13582	2	78.08021	DPR-TFIDF
1178	Q0	13568	3	77.7178	DPR-TFIDF
1178	Q0	53741	4	61.480515	DPR-TFIDF
1178	Q0	47182	5	55.498455	DPR-TFIDF
1178	Q0	2286	6	55.218193	DPR-TFIDF
1178	Q0	48458	7	54.4003	DPR-TFIDF
1178	Q0	2333	8	54.297287	DPR-TFIDF
1178	Q0	48532	9	53.820564	DPR-TFIDF
1178	Q0	64907	10	53.508053	DPR-TFIDF
1187	Q0	29879	1	82.34581	DPR-TFIDF
1187	Q0	10866	2	82.074524	DPR-TFIDF
1187	Q0	69233	3	82.069534	DPR-TFIDF
1187	Q0	69085	4	76.220894	DPR-TFIDF
1187	Q0	10861	5	75.57929	DPR-TFIDF
1187	Q0	10947	6	75.21835	DPR-TFIDF
1187	Q0	10908	7	75.063194	DPR-TFIDF
1187	Q0	63337	8	72.11019	DPR-TFIDF
1187	Q0	6059	9	72.03084	DPR-TFIDF
1187	Q0	11705	10	67.31351	DPR-TFIDF
1188	Q0	7878	1	90.94371	DPR-TFIDF
1188	Q0	7850	2	90.00874	DPR-TFIDF
1188	Q0	64233	3	89.719666	DPR-TFIDF
1188	Q0	31359	4	89.492546	DPR-TFIDF
1188	Q0	9866	5	88.51777	DPR-TFIDF
1188	Q0	8069	6	88.32369	DPR-TFIDF
1188	Q0	31312	7	87.61487	DPR-TFIDF
1188	Q0	68523	8	86.23299	DPR-TFIDF
1188	Q0	68510	9	86.067635	DPR-TFIDF
1188	Q0	68431	10	84.71301	DPR-TFIDF
1200	Q0	64219	1	71.478485	DPR-TFIDF
1200	Q0	69030	2	70.5467	DPR-TFIDF
1200	Q0	45826	3	69.51911	DPR-TFIDF
1200	Q0	6206	4	67.26633	DPR-TFIDF
1200	Q0	46822	5	66.695526	DPR-TFIDF
1200	Q0	11240	6	65.1364	DPR-TFIDF
1200	Q0	39457	7	63.84046	DPR-TFIDF
1200	Q0	42204	8	56.32132	DPR-TFIDF
1200	Q0	3226	9	55.237045	DPR-TFIDF
1200	Q0	63394	10	51.63157	DPR-TFIDF
1208	Q0	76413	1	94.976494	DPR-TFIDF
1208	Q0	51045	2	93.16377	DPR-TFIDF
1208	Q0	8449	3	91.24704	DPR-TFIDF
1208	Q0	53345	4	89.753	DPR-TFIDF
1208	Q0	53226	5	87.768745	DPR-TFIDF
1208	Q0	53269	6	87.11397	DPR-TFIDF
1208	Q0	53350	7	87.11397	DPR-TFIDF
1208	Q0	53099	8	86.84929	DPR-TFIDF
1208	Q0	25048	9	84.53411	DPR-TFIDF
1208	Q0	25119	10	74.24851	DPR-TFIDF
1218	Q0	32254	1	77.9837	DPR-TFIDF
1218	Q0	31882	2	76.68033	DPR-TFIDF
1218	Q0	36399	3	72.13764	DPR-TFIDF
1218	Q0	35626	4	72.13625	DPR-TFIDF
1218	Q0	36400	5	71.859436	DPR-TFIDF
1218	Q0	36335	6	70.05135	DPR-TFIDF
1218	Q0	36364	7	70.01902	DPR-TFIDF
1218	Q0	37378	8	67.864525	DPR-TFIDF
1218	Q0	36877	9	67.40681	DPR-TFIDF
1218	Q0	35851	10	65.564575	DPR-TFIDF
1220	Q0	597	1	90.02885	DPR-TFIDF
1220	Q0	2084	2	84.87189	DPR-TFIDF
1220	Q0	2086	3	83.36832	DPR-TFIDF
1220	Q0	10252	4	74.66622	DPR-TFIDF
1220	Q0	8147	5	73.969185	DPR-TFIDF
1220	Q0	41566	6	72.098526	DPR-TFIDF
1220	Q0	76646	7	67.95417	DPR-TFIDF
1220	Q0	71488	8	67.147316	DPR-TFIDF
1220	Q0	76282	9	66.87337	DPR-TFIDF
1220	Q0	6524	10	63.530422	DPR-TFIDF
1221	Q0	38384	1	97.92328	DPR-TFIDF
1221	Q0	6651	2	97.686905	DPR-TFIDF
1221	Q0	74986	3	95.36787	DPR-TFIDF
1221	Q0	8529	4	95.05156	DPR-TFIDF
1221	Q0	36461	5	94.12148	DPR-TFIDF
1221	Q0	38279	6	90.63102	DPR-TFIDF
1221	Q0	42459	7	88.534836	DPR-TFIDF
1221	Q0	3046	8	88.506744	DPR-TFIDF
1221	Q0	3018	9	83.59197	DPR-TFIDF
1221	Q0	42437	10	83.14624	DPR-TFIDF
1241	Q0	14603	1	89.601074	DPR-TFIDF
1241	Q0	13357	2	88.99644	DPR-TFIDF
1241	Q0	14509	3	88.51598	DPR-TFIDF
1241	Q0	13349	4	86.98736	DPR-TFIDF
1241	Q0	11789	5	73.346855	DPR-TFIDF
1241	Q0	41152	6	71.01434	DPR-TFIDF
1241	Q0	11802	7	70.77696	DPR-TFIDF
1241	Q0	43372	8	67.30089	DPR-TFIDF
1241	Q0	89097	9	63.49121	DPR-TFIDF
1241	Q0	25040	10	58.83424	DPR-TFIDF
