8	Q0	49065	1	70.513275	DPR-FSDM
8	Q0	86356	2	70.45393	DPR-FSDM
8	Q0	41757	3	69.98936	DPR-FSDM
8	Q0	2351	4	69.69806	DPR-FSDM
8	Q0	3035	5	69.51934	DPR-FSDM
8	Q0	3531	6	69.259224	DPR-FSDM
8	Q0	3399	7	62.817165	DPR-FSDM
8	Q0	41793	8	62.73981	DPR-FSDM
8	Q0	49221	9	59.240253	DPR-FSDM
8	Q0	10658	10	56.38817	DPR-FSDM
16	Q0	11849	1	91.43135	DPR-FSDM
16	Q0	10280	2	88.23792	DPR-FSDM
16	Q0	25008	3	84.92099	DPR-FSDM
16	Q0	75864	4	77.81777	DPR-FSDM
16	Q0	42138	5	75.19714	DPR-FSDM
16	Q0	75337	6	74.67775	DPR-FSDM
16	Q0	3195	7	74.402084	DPR-FSDM
16	Q0	3365	8	73.696625	DPR-FSDM
16	Q0	21569	9	69.06458	DPR-FSDM
16	Q0	14013	10	68.39022	DPR-FSDM
17	Q0	4692	1	89.396675	DPR-FSDM
17	Q0	4755	2	88.81026	DPR-FSDM
17	Q0	2206	3	88.55469	DPR-FSDM
17	Q0	8880	4	84.252686	DPR-FSDM
17	Q0	71076	5	79.61928	DPR-FSDM
17	Q0	71075	6	79.226135	DPR-FSDM
17	Q0	71079	7	77.06272	DPR-FSDM
17	Q0	11258	8	75.025536	DPR-FSDM
17	Q0	11580	9	67.36426	DPR-FSDM
17	Q0	15729	10	66.82906	DPR-FSDM
25	Q0	7993	1	71.53364	DPR-FSDM
25	Q0	55221	2	70.8054	DPR-FSDM
25	Q0	79196	3	69.80802	DPR-FSDM
25	Q0	7991	4	68.549835	DPR-FSDM
25	Q0	62444	5	68.50452	DPR-FSDM
25	Q0	55395	6	68.39796	DPR-FSDM
25	Q0	81200	7	66.51378	DPR-FSDM
25	Q0	7780	8	63.982475	DPR-FSDM
25	Q0	11158	9	60.14732	DPR-FSDM
25	Q0	61771	10	58.448746	DPR-FSDM
32	Q0	8282	1	104.18689	DPR-FSDM
32	Q0	75368	2	85.34693	DPR-FSDM
32	Q0	45027	3	83.64036	DPR-FSDM
32	Q0	7421	4	83.64036	DPR-FSDM
32	Q0	68259	5	82.698044	DPR-FSDM
32	Q0	3127	6	81.00921	DPR-FSDM
32	Q0	43153	7	80.30031	DPR-FSDM
32	Q0	7630	8	78.31847	DPR-FSDM
32	Q0	2981	9	78.11183	DPR-FSDM
32	Q0	44950	10	70.56469	DPR-FSDM
33	Q0	43918	1	80.80002	DPR-FSDM
33	Q0	30780	2	79.561195	DPR-FSDM
33	Q0	14976	3	77.119156	DPR-FSDM
33	Q0	30883	4	76.4972	DPR-FSDM
33	Q0	55340	5	74.829	DPR-FSDM
33	Q0	30716	6	71.39497	DPR-FSDM
33	Q0	3850	7	71.17267	DPR-FSDM
33	Q0	24412	8	70.69753	DPR-FSDM
33	Q0	30801	9	70.12633	DPR-FSDM
33	Q0	4578	10	69.250824	DPR-FSDM
40	Q0	4796	1	71.30775	DPR-FSDM
40	Q0	44788	2	66.480736	DPR-FSDM
40	Q0	45518	3	65.36295	DPR-FSDM
40	Q0	26150	4	63.927345	DPR-FSDM
40	Q0	33217	5	62.851044	DPR-FSDM
40	Q0	4769	6	57.324825	DPR-FSDM
40	Q0	8638	7	57.070343	DPR-FSDM
40	Q0	55774	8	57.070343	DPR-FSDM
40	Q0	43651	9	56.795273	DPR-FSDM
40	Q0	14196	10	53.8592	DPR-FSDM
47	Q0	86449	1	65.7388	DPR-FSDM
47	Q0	8419	2	65.548546	DPR-FSDM
47	Q0	32878	3	64.20461	DPR-FSDM
47	Q0	1882	4	62.275723	DPR-FSDM
47	Q0	75349	5	61.850536	DPR-FSDM
47	Q0	50901	6	61.63389	DPR-FSDM
47	Q0	74872	7	59.732697	DPR-FSDM
47	Q0	13349	8	59.258686	DPR-FSDM
47	Q0	14509	9	57.900253	DPR-FSDM
47	Q0	21569	10	53.829502	DPR-FSDM
48	Q0	24904	1	88.20189	DPR-FSDM
48	Q0	26226	2	81.44873	DPR-FSDM
48	Q0	64952	3	78.16677	DPR-FSDM
48	Q0	62500	4	78.10846	DPR-FSDM
48	Q0	4052	5	72.73685	DPR-FSDM
48	Q0	32875	6	71.08134	DPR-FSDM
48	Q0	32872	7	70.48335	DPR-FSDM
48	Q0	63195	8	70.46447	DPR-FSDM
48	Q0	10017	9	69.37335	DPR-FSDM
48	Q0	21569	10	64.147	DPR-FSDM
51	Q0	64121	1	90.4653	DPR-FSDM
51	Q0	74220	2	89.297226	DPR-FSDM
51	Q0	73029	3	87.945465	DPR-FSDM
51	Q0	1905	4	84.17704	DPR-FSDM
51	Q0	73079	5	83.240654	DPR-FSDM
51	Q0	73271	6	82.752525	DPR-FSDM
51	Q0	35501	7	79.123505	DPR-FSDM
51	Q0	73046	8	72.540115	DPR-FSDM
51	Q0	73133	9	71.3797	DPR-FSDM
51	Q0	73048	10	67.51886	DPR-FSDM
52	Q0	3478	1	80.65784	DPR-FSDM
52	Q0	9103	2	77.70062	DPR-FSDM
52	Q0	31895	3	76.73509	DPR-FSDM
52	Q0	74594	4	76.03667	DPR-FSDM
52	Q0	11143	5	74.93107	DPR-FSDM
52	Q0	32029	6	74.77724	DPR-FSDM
52	Q0	37886	7	72.86692	DPR-FSDM
52	Q0	44788	8	71.74166	DPR-FSDM
52	Q0	36118	9	68.883896	DPR-FSDM
52	Q0	37690	10	65.9012	DPR-FSDM
57	Q0	85524	1	97.20549	DPR-FSDM
57	Q0	10157	2	78.709236	DPR-FSDM
57	Q0	15173	3	75.77486	DPR-FSDM
57	Q0	2145	4	75.096924	DPR-FSDM
57	Q0	24623	5	73.214386	DPR-FSDM
57	Q0	88581	6	72.04606	DPR-FSDM
57	Q0	2907	7	71.11303	DPR-FSDM
57	Q0	89030	8	69.92851	DPR-FSDM
57	Q0	88445	9	69.90213	DPR-FSDM
57	Q0	15174	10	69.210106	DPR-FSDM
60	Q0	38414	1	85.76659	DPR-FSDM
60	Q0	7394	2	83.22579	DPR-FSDM
60	Q0	5389	3	82.5593	DPR-FSDM
60	Q0	38368	4	81.92905	DPR-FSDM
60	Q0	38363	5	80.77023	DPR-FSDM
60	Q0	5027	6	80.76018	DPR-FSDM
60	Q0	38200	7	80.42679	DPR-FSDM
60	Q0	38190	8	80.42679	DPR-FSDM
60	Q0	4933	9	79.19862	DPR-FSDM
60	Q0	2126	10	78.4193	DPR-FSDM
61	Q0	13284	1	78.86283	DPR-FSDM
61	Q0	14417	2	78.86283	DPR-FSDM
61	Q0	53752	3	73.99387	DPR-FSDM
61	Q0	45518	4	71.56914	DPR-FSDM
61	Q0	10846	5	68.87947	DPR-FSDM
61	Q0	10407	6	66.79471	DPR-FSDM
61	Q0	9048	7	66.01068	DPR-FSDM
61	Q0	74827	8	65.60824	DPR-FSDM
61	Q0	7107	9	62.552048	DPR-FSDM
61	Q0	88086	10	61.65838	DPR-FSDM
63	Q0	41515	1	75.07745	DPR-FSDM
63	Q0	38223	2	74.33612	DPR-FSDM
63	Q0	2095	3	72.371414	DPR-FSDM
63	Q0	11155	4	71.19607	DPR-FSDM
63	Q0	46568	5	70.51496	DPR-FSDM
63	Q0	14417	6	69.82935	DPR-FSDM
63	Q0	13284	7	69.82935	DPR-FSDM
63	Q0	75391	8	61.635353	DPR-FSDM
63	Q0	9748	9	59.795662	DPR-FSDM
63	Q0	12513	10	54.68063	DPR-FSDM
66	Q0	6043	1	74.80864	DPR-FSDM
66	Q0	43927	2	73.90666	DPR-FSDM
66	Q0	11577	3	73.746315	DPR-FSDM
66	Q0	43870	4	73.69746	DPR-FSDM
66	Q0	2964	5	73.230896	DPR-FSDM
66	Q0	2911	6	73.02569	DPR-FSDM
66	Q0	76929	7	71.9382	DPR-FSDM
66	Q0	9757	8	69.938515	DPR-FSDM
66	Q0	3094	9	62.825172	DPR-FSDM
66	Q0	3139	10	62.30326	DPR-FSDM
67	Q0	13574	1	84.44572	DPR-FSDM
67	Q0	13815	2	77.10524	DPR-FSDM
67	Q0	15250	3	76.85297	DPR-FSDM
67	Q0	81564	4	71.56158	DPR-FSDM
67	Q0	14530	5	70.81268	DPR-FSDM
67	Q0	9530	6	70.40302	DPR-FSDM
67	Q0	37879	7	68.81998	DPR-FSDM
67	Q0	16066	8	68.62887	DPR-FSDM
67	Q0	16065	9	67.725426	DPR-FSDM
67	Q0	11080	10	59.62058	DPR-FSDM
69	Q0	3713	1	66.738655	DPR-FSDM
69	Q0	44023	2	66.376785	DPR-FSDM
69	Q0	9488	3	66.359634	DPR-FSDM
69	Q0	14163	4	65.04407	DPR-FSDM
69	Q0	9486	5	59.86889	DPR-FSDM
69	Q0	15144	6	59.57034	DPR-FSDM
69	Q0	11849	7	58.999687	DPR-FSDM
69	Q0	10110	8	58.193077	DPR-FSDM
69	Q0	12513	9	57.016747	DPR-FSDM
69	Q0	9819	10	51.85288	DPR-FSDM
70	Q0	10879	1	73.30698	DPR-FSDM
70	Q0	48403	2	70.977715	DPR-FSDM
70	Q0	12228	3	67.55999	DPR-FSDM
70	Q0	45877	4	66.62056	DPR-FSDM
70	Q0	11711	5	64.972496	DPR-FSDM
70	Q0	10844	6	64.7518	DPR-FSDM
70	Q0	11347	7	64.53897	DPR-FSDM
70	Q0	68755	8	64.44746	DPR-FSDM
70	Q0	10898	9	61.258514	DPR-FSDM
70	Q0	10883	10	60.11049	DPR-FSDM
71	Q0	71537	1	77.890816	DPR-FSDM
71	Q0	2493	2	75.95491	DPR-FSDM
71	Q0	71655	3	71.04154	DPR-FSDM
71	Q0	71494	4	70.175865	DPR-FSDM
71	Q0	45065	5	62.115	DPR-FSDM
71	Q0	3367	6	58.755066	DPR-FSDM
71	Q0	7502	7	58.734196	DPR-FSDM
71	Q0	68449	8	57.735897	DPR-FSDM
71	Q0	53781	9	53.435894	DPR-FSDM
71	Q0	10425	10	49.545944	DPR-FSDM
72	Q0	64121	1	96.25371	DPR-FSDM
72	Q0	71408	2	92.520836	DPR-FSDM
72	Q0	12350	3	89.16073	DPR-FSDM
72	Q0	2593	4	80.70237	DPR-FSDM
72	Q0	2417	5	76.1419	DPR-FSDM
72	Q0	31820	6	76.09986	DPR-FSDM
72	Q0	4379	7	74.198456	DPR-FSDM
72	Q0	16073	8	73.265976	DPR-FSDM
72	Q0	9677	9	72.22178	DPR-FSDM
72	Q0	45426	10	71.394135	DPR-FSDM
75	Q0	29330	1	93.07822	DPR-FSDM
75	Q0	3106	2	84.57165	DPR-FSDM
75	Q0	8092	3	76.441315	DPR-FSDM
75	Q0	4675	4	74.90948	DPR-FSDM
75	Q0	73725	5	74.53442	DPR-FSDM
75	Q0	7885	6	72.460556	DPR-FSDM
75	Q0	30801	7	72.05406	DPR-FSDM
75	Q0	31385	8	71.69266	DPR-FSDM
75	Q0	74835	9	68.48255	DPR-FSDM
75	Q0	7107	10	68.471214	DPR-FSDM
83	Q0	66798	1	87.38477	DPR-FSDM
83	Q0	66797	2	86.310135	DPR-FSDM
83	Q0	64576	3	81.50583	DPR-FSDM
83	Q0	74586	4	76.44266	DPR-FSDM
83	Q0	1666	5	72.48329	DPR-FSDM
83	Q0	27351	6	71.27086	DPR-FSDM
83	Q0	11041	7	68.20236	DPR-FSDM
83	Q0	63466	8	65.44341	DPR-FSDM
83	Q0	24866	9	62.09521	DPR-FSDM
83	Q0	34151	10	59.130295	DPR-FSDM
85	Q0	7909	1	97.93071	DPR-FSDM
85	Q0	32870	2	90.72573	DPR-FSDM
85	Q0	9962	3	85.04205	DPR-FSDM
85	Q0	74396	4	84.33342	DPR-FSDM
85	Q0	7546	5	82.699135	DPR-FSDM
85	Q0	74398	6	79.21105	DPR-FSDM
85	Q0	51543	7	78.67047	DPR-FSDM
85	Q0	3367	8	75.43716	DPR-FSDM
85	Q0	8638	9	68.61021	DPR-FSDM
85	Q0	55774	10	68.61021	DPR-FSDM
88	Q0	85813	1	77.03197	DPR-FSDM
88	Q0	25071	2	72.27368	DPR-FSDM
88	Q0	38509	3	72.26809	DPR-FSDM
88	Q0	8959	4	69.77488	DPR-FSDM
88	Q0	9270	5	68.40717	DPR-FSDM
88	Q0	3695	6	63.897507	DPR-FSDM
88	Q0	3721	7	62.152145	DPR-FSDM
88	Q0	23896	8	59.489155	DPR-FSDM
88	Q0	12273	9	57.092667	DPR-FSDM
88	Q0	11988	10	56.81803	DPR-FSDM
92	Q0	63240	1	85.80751	DPR-FSDM
92	Q0	7252	2	78.501785	DPR-FSDM
92	Q0	11736	3	77.67497	DPR-FSDM
92	Q0	63845	4	72.43673	DPR-FSDM
92	Q0	44413	5	71.41093	DPR-FSDM
92	Q0	11912	6	70.83412	DPR-FSDM
92	Q0	4594	7	70.74198	DPR-FSDM
92	Q0	43297	8	69.5735	DPR-FSDM
92	Q0	10640	9	65.51226	DPR-FSDM
92	Q0	11911	10	60.527798	DPR-FSDM
100	Q0	8453	1	75.33626	DPR-FSDM
100	Q0	697	2	71.89938	DPR-FSDM
100	Q0	8305	3	71.05719	DPR-FSDM
100	Q0	926	4	70.865776	DPR-FSDM
100	Q0	75360	5	70.28067	DPR-FSDM
100	Q0	55707	6	68.72672	DPR-FSDM
100	Q0	54472	7	63.642754	DPR-FSDM
100	Q0	45518	8	63.22558	DPR-FSDM
100	Q0	53741	9	59.670883	DPR-FSDM
100	Q0	79280	10	58.40316	DPR-FSDM
104	Q0	3218	1	86.98274	DPR-FSDM
104	Q0	14924	2	86.427315	DPR-FSDM
104	Q0	13579	3	86.427315	DPR-FSDM
104	Q0	74889	4	83.581436	DPR-FSDM
104	Q0	11053	5	82.76462	DPR-FSDM
104	Q0	63272	6	80.998276	DPR-FSDM
104	Q0	44788	7	77.82422	DPR-FSDM
104	Q0	43219	8	76.99035	DPR-FSDM
104	Q0	42204	9	75.565865	DPR-FSDM
104	Q0	3226	10	72.14694	DPR-FSDM
105	Q0	11080	1	75.12733	DPR-FSDM
105	Q0	68716	2	71.65642	DPR-FSDM
105	Q0	8936	3	70.06662	DPR-FSDM
105	Q0	15381	4	68.34061	DPR-FSDM
105	Q0	70723	5	65.13849	DPR-FSDM
105	Q0	4671	6	65.09588	DPR-FSDM
105	Q0	4773	7	62.077526	DPR-FSDM
105	Q0	4734	8	60.86177	DPR-FSDM
105	Q0	81354	9	60.72977	DPR-FSDM
105	Q0	75894	10	59.419537	DPR-FSDM
110	Q0	1986	1	81.81613	DPR-FSDM
110	Q0	42750	2	80.7594	DPR-FSDM
110	Q0	11951	3	76.15191	DPR-FSDM
110	Q0	41168	4	72.70824	DPR-FSDM
110	Q0	87791	5	72.43627	DPR-FSDM
110	Q0	68755	6	70.44459	DPR-FSDM
110	Q0	5884	7	67.15077	DPR-FSDM
110	Q0	24968	8	66.819145	DPR-FSDM
110	Q0	87846	9	65.21173	DPR-FSDM
110	Q0	87789	10	63.607536	DPR-FSDM
116	Q0	66193	1	107.05253	DPR-FSDM
116	Q0	41876	2	94.53422	DPR-FSDM
116	Q0	44028	3	94.52981	DPR-FSDM
116	Q0	3133	4	94.21226	DPR-FSDM
116	Q0	42707	5	89.38074	DPR-FSDM
116	Q0	2738	6	86.698364	DPR-FSDM
116	Q0	38066	7	86.00155	DPR-FSDM
116	Q0	51025	8	85.91886	DPR-FSDM
116	Q0	50982	9	85.68768	DPR-FSDM
116	Q0	4799	10	83.57858	DPR-FSDM
117	Q0	63268	1	102.58894	DPR-FSDM
117	Q0	63269	2	102.264915	DPR-FSDM
117	Q0	15243	3	94.74696	DPR-FSDM
117	Q0	14417	4	91.53048	DPR-FSDM
117	Q0	13284	5	91.53048	DPR-FSDM
117	Q0	11142	6	88.09099	DPR-FSDM
117	Q0	42710	7	87.247475	DPR-FSDM
117	Q0	43046	8	85.47107	DPR-FSDM
117	Q0	3081	9	84.25514	DPR-FSDM
117	Q0	63272	10	78.0142	DPR-FSDM
121	Q0	2037	1	73.66046	DPR-FSDM
121	Q0	9814	2	72.46984	DPR-FSDM
121	Q0	10163	3	70.56172	DPR-FSDM
121	Q0	10166	4	70.21145	DPR-FSDM
121	Q0	5269	5	65.235954	DPR-FSDM
121	Q0	30828	6	64.23571	DPR-FSDM
121	Q0	1712	7	63.85947	DPR-FSDM
121	Q0	10280	8	63.853554	DPR-FSDM
121	Q0	6885	9	49.9113	DPR-FSDM
121	Q0	8396	10	49.50519	DPR-FSDM
128	Q0	73770	1	93.821754	DPR-FSDM
128	Q0	73782	2	93.32292	DPR-FSDM
128	Q0	33533	3	91.23648	DPR-FSDM
128	Q0	33302	4	90.96616	DPR-FSDM
128	Q0	33206	5	90.49449	DPR-FSDM
128	Q0	33179	6	89.6087	DPR-FSDM
128	Q0	33255	7	88.551575	DPR-FSDM
128	Q0	33732	8	87.87973	DPR-FSDM
128	Q0	33215	9	87.686424	DPR-FSDM
128	Q0	51648	10	82.52455	DPR-FSDM
129	Q0	2691	1	65.39378	DPR-FSDM
129	Q0	77291	2	64.1102	DPR-FSDM
129	Q0	64056	3	62.18056	DPR-FSDM
129	Q0	6888	4	61.413445	DPR-FSDM
129	Q0	4594	5	59.0988	DPR-FSDM
129	Q0	74632	6	56.302654	DPR-FSDM
129	Q0	8343	7	55.179943	DPR-FSDM
129	Q0	75549	8	53.9848	DPR-FSDM
129	Q0	37963	9	50.66027	DPR-FSDM
129	Q0	10842	10	48.386436	DPR-FSDM
131	Q0	55517	1	91.51296	DPR-FSDM
131	Q0	55435	2	90.896736	DPR-FSDM
131	Q0	55356	3	87.927315	DPR-FSDM
131	Q0	66784	4	81.22165	DPR-FSDM
131	Q0	11018	5	78.94949	DPR-FSDM
131	Q0	7798	6	77.737625	DPR-FSDM
131	Q0	61802	7	77.12548	DPR-FSDM
131	Q0	45585	8	76.31555	DPR-FSDM
131	Q0	11534	9	76.31555	DPR-FSDM
131	Q0	8005	10	73.19476	DPR-FSDM
142	Q0	16076	1	77.400024	DPR-FSDM
142	Q0	10146	2	75.36294	DPR-FSDM
142	Q0	75595	3	74.98044	DPR-FSDM
142	Q0	10768	4	72.11698	DPR-FSDM
142	Q0	10452	5	70.65443	DPR-FSDM
142	Q0	51120	6	66.85698	DPR-FSDM
142	Q0	51081	7	66.85698	DPR-FSDM
142	Q0	43043	8	58.184013	DPR-FSDM
142	Q0	4594	9	57.535824	DPR-FSDM
142	Q0	9099	10	54.864388	DPR-FSDM
143	Q0	34936	1	73.80618	DPR-FSDM
143	Q0	34760	2	69.73944	DPR-FSDM
143	Q0	34799	3	68.89502	DPR-FSDM
143	Q0	33608	4	65.997536	DPR-FSDM
143	Q0	68115	5	64.87622	DPR-FSDM
143	Q0	33725	6	62.48029	DPR-FSDM
143	Q0	33903	7	61.684536	DPR-FSDM
143	Q0	33887	8	57.567116	DPR-FSDM
143	Q0	33919	9	57.29531	DPR-FSDM
143	Q0	33192	10	55.42563	DPR-FSDM
147	Q0	8970	1	72.52246	DPR-FSDM
147	Q0	11233	2	70.2164	DPR-FSDM
147	Q0	5667	3	69.16879	DPR-FSDM
147	Q0	69292	4	68.86393	DPR-FSDM
147	Q0	74835	5	68.67704	DPR-FSDM
147	Q0	7107	6	68.67704	DPR-FSDM
147	Q0	69166	7	67.30417	DPR-FSDM
147	Q0	65706	8	67.25331	DPR-FSDM
147	Q0	9381	9	66.91694	DPR-FSDM
147	Q0	15788	10	66.09478	DPR-FSDM
158	Q0	15250	1	91.63608	DPR-FSDM
158	Q0	13815	2	91.63608	DPR-FSDM
158	Q0	63268	3	89.461105	DPR-FSDM
158	Q0	2664	4	82.312515	DPR-FSDM
158	Q0	34645	5	82.27451	DPR-FSDM
158	Q0	3106	6	78.09809	DPR-FSDM
158	Q0	38033	7	76.336716	DPR-FSDM
158	Q0	14735	8	73.35207	DPR-FSDM
158	Q0	34714	9	67.34936	DPR-FSDM
158	Q0	21569	10	66.44358	DPR-FSDM
167	Q0	4860	1	77.90085	DPR-FSDM
167	Q0	31069	2	72.1444	DPR-FSDM
167	Q0	73940	3	68.74196	DPR-FSDM
167	Q0	11950	4	68.69975	DPR-FSDM
167	Q0	11908	5	68.46958	DPR-FSDM
167	Q0	3629	6	65.73983	DPR-FSDM
167	Q0	3483	7	65.057945	DPR-FSDM
167	Q0	73899	8	60.445526	DPR-FSDM
167	Q0	4725	9	60.156105	DPR-FSDM
167	Q0	12513	10	50.866875	DPR-FSDM
168	Q0	5082	1	100.43971	DPR-FSDM
168	Q0	5255	2	100.43971	DPR-FSDM
168	Q0	4856	3	95.40073	DPR-FSDM
168	Q0	5476	4	95.40073	DPR-FSDM
168	Q0	5055	5	92.44584	DPR-FSDM
168	Q0	5122	6	91.25983	DPR-FSDM
168	Q0	1786	7	90.781845	DPR-FSDM
168	Q0	5376	8	90.56057	DPR-FSDM
168	Q0	4846	9	89.74653	DPR-FSDM
168	Q0	5351	10	88.95907	DPR-FSDM
178	Q0	38233	1	104.49536	DPR-FSDM
178	Q0	38223	2	95.18822	DPR-FSDM
178	Q0	87963	3	90.88118	DPR-FSDM
178	Q0	5580	4	89.97002	DPR-FSDM
178	Q0	5812	5	87.54602	DPR-FSDM
178	Q0	28936	6	85.64382	DPR-FSDM
178	Q0	5591	7	81.05009	DPR-FSDM
178	Q0	5577	8	80.71139	DPR-FSDM
178	Q0	5568	9	80.66919	DPR-FSDM
178	Q0	75632	10	65.400246	DPR-FSDM
187	Q0	53829	1	91.01724	DPR-FSDM
187	Q0	54074	2	77.05328	DPR-FSDM
187	Q0	54240	3	76.399666	DPR-FSDM
187	Q0	26159	4	75.353386	DPR-FSDM
187	Q0	54285	5	73.10675	DPR-FSDM
187	Q0	3725	6	72.84934	DPR-FSDM
187	Q0	54263	7	71.93065	DPR-FSDM
187	Q0	63268	8	68.87939	DPR-FSDM
187	Q0	49019	9	66.573166	DPR-FSDM
187	Q0	2501	10	66.13739	DPR-FSDM
188	Q0	10037	1	83.71016	DPR-FSDM
188	Q0	82596	2	81.9535	DPR-FSDM
188	Q0	82746	3	80.64798	DPR-FSDM
188	Q0	84478	4	77.50416	DPR-FSDM
188	Q0	31074	5	71.31022	DPR-FSDM
188	Q0	55846	6	70.31544	DPR-FSDM
188	Q0	14079	7	68.00157	DPR-FSDM
188	Q0	55845	8	57.17327	DPR-FSDM
188	Q0	30647	9	55.970272	DPR-FSDM
188	Q0	34845	10	52.96797	DPR-FSDM
200	Q0	28921	1	89.12942	DPR-FSDM
200	Q0	29064	2	84.362915	DPR-FSDM
200	Q0	12369	3	76.40114	DPR-FSDM
200	Q0	32483	4	76.02943	DPR-FSDM
200	Q0	32498	5	75.53321	DPR-FSDM
200	Q0	50967	6	75.39137	DPR-FSDM
200	Q0	5384	7	74.01727	DPR-FSDM
200	Q0	12513	8	65.66692	DPR-FSDM
200	Q0	5262	9	65.240906	DPR-FSDM
200	Q0	53741	10	64.761765	DPR-FSDM
203	Q0	14011	1	70.249626	DPR-FSDM
203	Q0	5901	2	63.873466	DPR-FSDM
203	Q0	46370	3	59.509285	DPR-FSDM
203	Q0	9679	4	59.44967	DPR-FSDM
203	Q0	12295	5	59.19899	DPR-FSDM
203	Q0	63272	6	59.19351	DPR-FSDM
203	Q0	4789	7	57.100826	DPR-FSDM
203	Q0	49360	8	56.392403	DPR-FSDM
203	Q0	12183	9	56.324253	DPR-FSDM
203	Q0	1056	10	55.739994	DPR-FSDM
218	Q0	13369	1	82.44537	DPR-FSDM
218	Q0	14336	2	81.81682	DPR-FSDM
218	Q0	14751	3	79.90042	DPR-FSDM
218	Q0	14750	4	79.36751	DPR-FSDM
218	Q0	14163	5	78.6285	DPR-FSDM
218	Q0	14084	6	76.599174	DPR-FSDM
218	Q0	4605	7	76.550766	DPR-FSDM
218	Q0	13845	8	73.44259	DPR-FSDM
218	Q0	4818	9	69.42388	DPR-FSDM
218	Q0	10689	10	56.27763	DPR-FSDM
219	Q0	47990	1	80.53622	DPR-FSDM
219	Q0	47957	2	75.176186	DPR-FSDM
219	Q0	29129	3	70.334404	DPR-FSDM
219	Q0	48006	4	65.72186	DPR-FSDM
219	Q0	13349	5	62.561382	DPR-FSDM
219	Q0	14509	6	62.561382	DPR-FSDM
219	Q0	17135	7	53.97825	DPR-FSDM
219	Q0	31956	8	52.675446	DPR-FSDM
219	Q0	17003	9	49.3439	DPR-FSDM
219	Q0	21211	10	43.77591	DPR-FSDM
231	Q0	63717	1	90.62516	DPR-FSDM
231	Q0	87370	2	87.44686	DPR-FSDM
231	Q0	30598	3	84.23338	DPR-FSDM
231	Q0	29088	4	77.02205	DPR-FSDM
231	Q0	38119	5	75.78303	DPR-FSDM
231	Q0	29228	6	73.52927	DPR-FSDM
231	Q0	14977	7	72.938484	DPR-FSDM
231	Q0	29084	8	72.26876	DPR-FSDM
231	Q0	38125	9	71.36996	DPR-FSDM
231	Q0	29736	10	68.92542	DPR-FSDM
232	Q0	41857	1	95.28912	DPR-FSDM
232	Q0	2826	2	88.59334	DPR-FSDM
232	Q0	41863	3	88.42139	DPR-FSDM
232	Q0	54083	4	87.663414	DPR-FSDM
232	Q0	54266	5	87.37645	DPR-FSDM
232	Q0	52990	6	84.590195	DPR-FSDM
232	Q0	54249	7	78.78787	DPR-FSDM
232	Q0	63243	8	78.58316	DPR-FSDM
232	Q0	54359	9	75.1678	DPR-FSDM
232	Q0	54467	10	69.99338	DPR-FSDM
252	Q0	8296	1	89.03178	DPR-FSDM
252	Q0	15270	2	81.09339	DPR-FSDM
252	Q0	13907	3	81.09339	DPR-FSDM
252	Q0	16078	4	73.428246	DPR-FSDM
252	Q0	16061	5	70.42674	DPR-FSDM
252	Q0	53745	6	70.266174	DPR-FSDM
252	Q0	12195	7	66.19994	DPR-FSDM
252	Q0	44876	8	65.035416	DPR-FSDM
252	Q0	9933	9	64.56531	DPR-FSDM
252	Q0	16074	10	62.0616	DPR-FSDM
1008	Q0	76659	1	87.64327	DPR-FSDM
1008	Q0	76481	2	87.02881	DPR-FSDM
1008	Q0	2223	3	86.499985	DPR-FSDM
1008	Q0	9759	4	85.40516	DPR-FSDM
1008	Q0	8342	5	84.03127	DPR-FSDM
1008	Q0	11680	6	83.34277	DPR-FSDM
1008	Q0	9764	7	83.26027	DPR-FSDM
1008	Q0	29449	8	82.68141	DPR-FSDM
1008	Q0	52015	9	81.460106	DPR-FSDM
1008	Q0	52793	10	78.39595	DPR-FSDM
1016	Q0	6667	1	88.42569	DPR-FSDM
1016	Q0	3647	2	83.61003	DPR-FSDM
1016	Q0	88802	3	78.87273	DPR-FSDM
1016	Q0	74827	4	78.56672	DPR-FSDM
1016	Q0	88795	5	78.52744	DPR-FSDM
1016	Q0	8475	6	77.29146	DPR-FSDM
1016	Q0	7378	7	76.517265	DPR-FSDM
1016	Q0	74634	8	75.632416	DPR-FSDM
1016	Q0	38021	9	75.415115	DPR-FSDM
1016	Q0	41566	10	75.37826	DPR-FSDM
1017	Q0	14308	1	108.520935	DPR-FSDM
1017	Q0	13339	2	108.47245	DPR-FSDM
1017	Q0	9851	3	89.307495	DPR-FSDM
1017	Q0	40882	4	85.2768	DPR-FSDM
1017	Q0	5690	5	85.2768	DPR-FSDM
1017	Q0	3751	6	85.136086	DPR-FSDM
1017	Q0	8192	7	80.45214	DPR-FSDM
1017	Q0	11565	8	79.41442	DPR-FSDM
1017	Q0	43532	9	70.71355	DPR-FSDM
1017	Q0	2692	10	68.58436	DPR-FSDM
1025	Q0	50901	1	99.86364	DPR-FSDM
1025	Q0	43446	2	91.37909	DPR-FSDM
1025	Q0	42706	3	90.85685	DPR-FSDM
1025	Q0	44196	4	86.51383	DPR-FSDM
1025	Q0	3159	5	85.63985	DPR-FSDM
1025	Q0	43510	6	84.75993	DPR-FSDM
1025	Q0	9456	7	84.06134	DPR-FSDM
1025	Q0	2932	8	83.96819	DPR-FSDM
1025	Q0	2996	9	83.42572	DPR-FSDM
1025	Q0	42921	10	82.83385	DPR-FSDM
1032	Q0	71703	1	90.73204	DPR-FSDM
1032	Q0	62269	2	90.54431	DPR-FSDM
1032	Q0	71714	3	85.82978	DPR-FSDM
1032	Q0	5686	4	80.25849	DPR-FSDM
1032	Q0	88543	5	76.42523	DPR-FSDM
1032	Q0	88419	6	76.34381	DPR-FSDM
1032	Q0	88395	7	76.29434	DPR-FSDM
1032	Q0	88389	8	76.15408	DPR-FSDM
1032	Q0	3527	9	68.11915	DPR-FSDM
1032	Q0	88480	10	59.57261	DPR-FSDM
1033	Q0	23914	1	135.85283	DPR-FSDM
1033	Q0	2091	2	135.17355	DPR-FSDM
1033	Q0	2195	3	117.7091	DPR-FSDM
1033	Q0	76669	4	117.4569	DPR-FSDM
1033	Q0	74622	5	116.67452	DPR-FSDM
1033	Q0	10125	6	116.171486	DPR-FSDM
1033	Q0	8722	7	116.171486	DPR-FSDM
1033	Q0	8545	8	114.65811	DPR-FSDM
1033	Q0	76557	9	101.66527	DPR-FSDM
1033	Q0	9538	10	100.52389	DPR-FSDM
1040	Q0	69006	1	80.62317	DPR-FSDM
1040	Q0	9995	2	80.29266	DPR-FSDM
1040	Q0	8213	3	80.26336	DPR-FSDM
1040	Q0	11382	4	74.307755	DPR-FSDM
1040	Q0	53452	5	74.01387	DPR-FSDM
1040	Q0	9039	6	71.997955	DPR-FSDM
1040	Q0	9091	7	69.792946	DPR-FSDM
1040	Q0	3152	8	67.807175	DPR-FSDM
1040	Q0	9261	9	62.358	DPR-FSDM
1040	Q0	9329	10	57.839226	DPR-FSDM
1047	Q0	33285	1	92.34262	DPR-FSDM
1047	Q0	33297	2	91.872345	DPR-FSDM
1047	Q0	33286	3	90.15282	DPR-FSDM
1047	Q0	33268	4	90.11479	DPR-FSDM
1047	Q0	27487	5	88.83873	DPR-FSDM
1047	Q0	27409	6	88.29662	DPR-FSDM
1047	Q0	63150	7	86.48689	DPR-FSDM
1047	Q0	27729	8	78.68318	DPR-FSDM
1047	Q0	8638	9	66.30538	DPR-FSDM
1047	Q0	55774	10	66.30538	DPR-FSDM
1048	Q0	63398	1	81.76649	DPR-FSDM
1048	Q0	71342	2	81.65952	DPR-FSDM
1048	Q0	63432	3	80.78439	DPR-FSDM
1048	Q0	71346	4	80.422485	DPR-FSDM
1048	Q0	16065	5	80.359055	DPR-FSDM
1048	Q0	12236	6	79.29547	DPR-FSDM
1048	Q0	16066	7	79.24362	DPR-FSDM
1048	Q0	62313	8	78.10031	DPR-FSDM
1048	Q0	45518	9	61.222687	DPR-FSDM
1048	Q0	3367	10	57.637775	DPR-FSDM
1051	Q0	14324	1	106.59268	DPR-FSDM
1051	Q0	13347	2	105.251465	DPR-FSDM
1051	Q0	14277	3	98.47408	DPR-FSDM
1051	Q0	13283	4	97.937225	DPR-FSDM
1051	Q0	51081	5	90.01484	DPR-FSDM
1051	Q0	51120	6	90.01484	DPR-FSDM
1051	Q0	14177	7	82.55505	DPR-FSDM
1051	Q0	14084	8	80.02972	DPR-FSDM
1051	Q0	14580	9	75.50845	DPR-FSDM
1051	Q0	13288	10	75.09828	DPR-FSDM
1052	Q0	11815	1	79.76273	DPR-FSDM
1052	Q0	41125	2	76.49715	DPR-FSDM
1052	Q0	41071	3	75.43095	DPR-FSDM
1052	Q0	11788	4	74.742584	DPR-FSDM
1052	Q0	11787	5	74.14451	DPR-FSDM
1052	Q0	41073	6	71.159836	DPR-FSDM
1052	Q0	11831	7	70.77833	DPR-FSDM
1052	Q0	41054	8	68.645515	DPR-FSDM
1052	Q0	11805	9	68.06585	DPR-FSDM
1052	Q0	11814	10	67.794815	DPR-FSDM
1057	Q0	14750	1	86.92444	DPR-FSDM
1057	Q0	14751	2	86.92444	DPR-FSDM
1057	Q0	11040	3	86.02382	DPR-FSDM
1057	Q0	6100	4	80.50864	DPR-FSDM
1057	Q0	76059	5	79.81583	DPR-FSDM
1057	Q0	8512	6	79.81583	DPR-FSDM
1057	Q0	14352	7	79.493805	DPR-FSDM
1057	Q0	13379	8	79.21226	DPR-FSDM
1057	Q0	11548	9	74.47452	DPR-FSDM
1057	Q0	6101	10	73.28656	DPR-FSDM
1060	Q0	55870	1	115.66913	DPR-FSDM
1060	Q0	55886	2	115.2987	DPR-FSDM
1060	Q0	79232	3	95.26864	DPR-FSDM
1060	Q0	77588	4	94.37975	DPR-FSDM
1060	Q0	31199	5	93.32777	DPR-FSDM
1060	Q0	34228	6	92.83229	DPR-FSDM
1060	Q0	47179	7	88.612206	DPR-FSDM
1060	Q0	34284	8	88.472176	DPR-FSDM
1060	Q0	34174	9	85.21961	DPR-FSDM
1060	Q0	47166	10	84.37744	DPR-FSDM
1061	Q0	12262	1	115.86942	DPR-FSDM
1061	Q0	4601	2	114.777695	DPR-FSDM
1061	Q0	48771	3	112.92479	DPR-FSDM
1061	Q0	12269	4	111.474434	DPR-FSDM
1061	Q0	12195	5	110.76677	DPR-FSDM
1061	Q0	48717	6	107.55466	DPR-FSDM
1061	Q0	2520	7	101.31734	DPR-FSDM
1061	Q0	48464	8	100.500275	DPR-FSDM
1061	Q0	49190	9	100.1945	DPR-FSDM
1061	Q0	48506	10	97.53321	DPR-FSDM
1063	Q0	13349	1	89.45799	DPR-FSDM
1063	Q0	14509	2	89.45799	DPR-FSDM
1063	Q0	13013	3	83.20895	DPR-FSDM
1063	Q0	14013	4	82.34761	DPR-FSDM
1063	Q0	62736	5	76.39474	DPR-FSDM
1063	Q0	15469	6	76.255066	DPR-FSDM
1063	Q0	1754	7	73.24429	DPR-FSDM
1063	Q0	10227	8	72.38635	DPR-FSDM
1063	Q0	5285	9	59.836113	DPR-FSDM
1063	Q0	9870	10	59.836113	DPR-FSDM
1066	Q0	15186	1	106.047714	DPR-FSDM
1066	Q0	15187	2	89.56152	DPR-FSDM
1066	Q0	15175	3	83.83815	DPR-FSDM
1066	Q0	15174	4	78.8735	DPR-FSDM
1066	Q0	6212	5	77.11454	DPR-FSDM
1066	Q0	15191	6	73.78998	DPR-FSDM
1066	Q0	15173	7	71.32941	DPR-FSDM
1066	Q0	15176	8	71.18152	DPR-FSDM
1066	Q0	11112	9	65.80008	DPR-FSDM
1066	Q0	45735	10	64.25148	DPR-FSDM
1067	Q0	27108	1	91.42993	DPR-FSDM
1067	Q0	86278	2	84.09219	DPR-FSDM
1067	Q0	1748	3	82.14989	DPR-FSDM
1067	Q0	5279	4	80.811714	DPR-FSDM
1067	Q0	42709	5	77.95362	DPR-FSDM
1067	Q0	43067	6	65.30531	DPR-FSDM
1067	Q0	27771	7	63.986404	DPR-FSDM
1067	Q0	48407	8	63.452263	DPR-FSDM
1067	Q0	44009	9	61.52638	DPR-FSDM
1067	Q0	2708	10	59.881577	DPR-FSDM
1069	Q0	9141	1	81.68275	DPR-FSDM
1069	Q0	9877	2	81.4001	DPR-FSDM
1069	Q0	55752	3	79.78518	DPR-FSDM
1069	Q0	8885	4	79.42787	DPR-FSDM
1069	Q0	4660	5	78.64287	DPR-FSDM
1069	Q0	9700	6	77.857956	DPR-FSDM
1069	Q0	9290	7	77.3439	DPR-FSDM
1069	Q0	2703	8	62.904816	DPR-FSDM
1069	Q0	3182	9	59.33338	DPR-FSDM
1069	Q0	10726	10	56.046474	DPR-FSDM
1070	Q0	14471	1	100.85939	DPR-FSDM
1070	Q0	8984	2	95.72714	DPR-FSDM
1070	Q0	74902	3	93.853935	DPR-FSDM
1070	Q0	8392	4	93.325386	DPR-FSDM
1070	Q0	14924	5	89.376236	DPR-FSDM
1070	Q0	13579	6	89.376236	DPR-FSDM
1070	Q0	15002	7	87.80186	DPR-FSDM
1070	Q0	6397	8	75.58018	DPR-FSDM
1070	Q0	69587	9	74.393776	DPR-FSDM
1070	Q0	9124	10	72.40346	DPR-FSDM
1071	Q0	15174	1	101.99408	DPR-FSDM
1071	Q0	15175	2	100.389404	DPR-FSDM
1071	Q0	15191	3	99.0942	DPR-FSDM
1071	Q0	15173	4	95.38909	DPR-FSDM
1071	Q0	15186	5	91.16129	DPR-FSDM
1071	Q0	15176	6	91.14905	DPR-FSDM
1071	Q0	15192	7	88.8111	DPR-FSDM
1071	Q0	15187	8	84.06182	DPR-FSDM
1071	Q0	599	9	82.18771	DPR-FSDM
1071	Q0	11967	10	75.50287	DPR-FSDM
1072	Q0	87649	1	94.72708	DPR-FSDM
1072	Q0	4379	2	90.68415	DPR-FSDM
1072	Q0	45448	3	83.047775	DPR-FSDM
1072	Q0	10425	4	71.87826	DPR-FSDM
1072	Q0	77450	5	71.09482	DPR-FSDM
1072	Q0	11342	6	70.568405	DPR-FSDM
1072	Q0	15716	7	70.5157	DPR-FSDM
1072	Q0	45893	8	69.009865	DPR-FSDM
1072	Q0	16054	9	68.160034	DPR-FSDM
1072	Q0	6186	10	66.47156	DPR-FSDM
1075	Q0	26139	1	88.68962	DPR-FSDM
1075	Q0	50528	2	86.033646	DPR-FSDM
1075	Q0	54136	3	81.423004	DPR-FSDM
1075	Q0	3370	4	77.32971	DPR-FSDM
1075	Q0	66626	5	76.65849	DPR-FSDM
1075	Q0	66526	6	76.65849	DPR-FSDM
1075	Q0	71619	7	70.9186	DPR-FSDM
1075	Q0	10943	8	66.06278	DPR-FSDM
1075	Q0	68662	9	65.62634	DPR-FSDM
1075	Q0	63703	10	63.358677	DPR-FSDM
1083	Q0	76669	1	107.02712	DPR-FSDM
1083	Q0	74632	2	105.48861	DPR-FSDM
1083	Q0	74622	3	105.33777	DPR-FSDM
1083	Q0	8722	4	105.10163	DPR-FSDM
1083	Q0	10125	5	105.10163	DPR-FSDM
1083	Q0	74643	6	104.034996	DPR-FSDM
1083	Q0	6983	7	103.67912	DPR-FSDM
1083	Q0	8545	8	103.58621	DPR-FSDM
1083	Q0	8343	9	103.47175	DPR-FSDM
1083	Q0	8507	10	103.39218	DPR-FSDM
1085	Q0	3647	1	86.89249	DPR-FSDM
1085	Q0	46704	2	77.121445	DPR-FSDM
1085	Q0	71493	3	75.19346	DPR-FSDM
1085	Q0	8417	4	72.99193	DPR-FSDM
1085	Q0	71467	5	72.25668	DPR-FSDM
1085	Q0	7778	6	70.67749	DPR-FSDM
1085	Q0	71416	7	70.570244	DPR-FSDM
1085	Q0	7546	8	69.94705	DPR-FSDM
1085	Q0	81806	9	64.92962	DPR-FSDM
1085	Q0	10372	10	61.289917	DPR-FSDM
1088	Q0	6605	1	88.36035	DPR-FSDM
1088	Q0	1479	2	88.13099	DPR-FSDM
1088	Q0	87275	3	74.38231	DPR-FSDM
1088	Q0	41	4	73.50483	DPR-FSDM
1088	Q0	77	5	73.419785	DPR-FSDM
1088	Q0	69	6	73.06307	DPR-FSDM
1088	Q0	55907	7	71.99439	DPR-FSDM
1088	Q0	74	8	70.63878	DPR-FSDM
1088	Q0	6035	9	67.632706	DPR-FSDM
1088	Q0	21511	10	55.208763	DPR-FSDM
1092	Q0	14324	1	81.22143	DPR-FSDM
1092	Q0	13347	2	80.47119	DPR-FSDM
1092	Q0	69303	3	75.440094	DPR-FSDM
1092	Q0	31199	4	74.79865	DPR-FSDM
1092	Q0	77461	5	72.54129	DPR-FSDM
1092	Q0	13990	6	72.50865	DPR-FSDM
1092	Q0	77588	7	70.171524	DPR-FSDM
1092	Q0	4191	8	69.164955	DPR-FSDM
1092	Q0	10510	9	68.406494	DPR-FSDM
1092	Q0	75368	10	68.40135	DPR-FSDM
1104	Q0	5507	1	99.702225	DPR-FSDM
1104	Q0	4994	2	99.28549	DPR-FSDM
1104	Q0	3700	3	98.46414	DPR-FSDM
1104	Q0	5181	4	96.45447	DPR-FSDM
1104	Q0	48848	5	91.71884	DPR-FSDM
1104	Q0	86429	6	86.97233	DPR-FSDM
1104	Q0	11880	7	73.9146	DPR-FSDM
1104	Q0	2646	8	72.58432	DPR-FSDM
1104	Q0	11925	9	63.481667	DPR-FSDM
1104	Q0	49293	10	62.963882	DPR-FSDM
1105	Q0	55886	1	116.84389	DPR-FSDM
1105	Q0	34174	2	103.03706	DPR-FSDM
1105	Q0	34284	3	97.83545	DPR-FSDM
1105	Q0	34162	4	96.43858	DPR-FSDM
1105	Q0	55899	5	94.42157	DPR-FSDM
1105	Q0	50901	6	93.73422	DPR-FSDM
1105	Q0	12297	7	91.41654	DPR-FSDM
1105	Q0	34228	8	87.087906	DPR-FSDM
1105	Q0	21476	9	74.89608	DPR-FSDM
1105	Q0	21495	10	68.60799	DPR-FSDM
1110	Q0	16038	1	96.944016	DPR-FSDM
1110	Q0	74398	2	96.26967	DPR-FSDM
1110	Q0	74396	3	94.53529	DPR-FSDM
1110	Q0	14742	4	90.8515	DPR-FSDM
1110	Q0	76781	5	89.02084	DPR-FSDM
1110	Q0	75017	6	88.95429	DPR-FSDM
1110	Q0	6759	7	87.97197	DPR-FSDM
1110	Q0	7234	8	86.90807	DPR-FSDM
1110	Q0	31774	9	83.66972	DPR-FSDM
1110	Q0	30651	10	80.77763	DPR-FSDM
1117	Q0	15007	1	85.13945	DPR-FSDM
1117	Q0	15004	2	82.5466	DPR-FSDM
1117	Q0	15002	3	81.68534	DPR-FSDM
1117	Q0	7312	4	81.24802	DPR-FSDM
1117	Q0	15012	5	81.19105	DPR-FSDM
1117	Q0	15001	6	80.89952	DPR-FSDM
1117	Q0	15013	7	75.640335	DPR-FSDM
1117	Q0	14195	8	75.63407	DPR-FSDM
1117	Q0	14011	9	75.244606	DPR-FSDM
1117	Q0	15008	10	73.52664	DPR-FSDM
1121	Q0	9540	1	86.01575	DPR-FSDM
1121	Q0	3801	2	86.01575	DPR-FSDM
1121	Q0	1927	3	86.01575	DPR-FSDM
1121	Q0	3327	4	86.01575	DPR-FSDM
1121	Q0	8006	5	86.01575	DPR-FSDM
1121	Q0	33934	6	67.36058	DPR-FSDM
1121	Q0	33882	7	66.65195	DPR-FSDM
1121	Q0	33910	8	65.79729	DPR-FSDM
1121	Q0	33745	9	63.351288	DPR-FSDM
1121	Q0	33856	10	61.707867	DPR-FSDM
1128	Q0	63835	1	92.43361	DPR-FSDM
1128	Q0	34301	2	89.52319	DPR-FSDM
1128	Q0	8163	3	88.7523	DPR-FSDM
1128	Q0	88130	4	88.448235	DPR-FSDM
1128	Q0	47133	5	88.237976	DPR-FSDM
1128	Q0	82105	6	83.05157	DPR-FSDM
1128	Q0	3045	7	82.35549	DPR-FSDM
1128	Q0	42459	8	79.57701	DPR-FSDM
1128	Q0	3046	9	79.24645	DPR-FSDM
1128	Q0	88395	10	78.27954	DPR-FSDM
1129	Q0	64165	1	80.887054	DPR-FSDM
1129	Q0	5740	2	80.400696	DPR-FSDM
1129	Q0	10771	3	78.698616	DPR-FSDM
1129	Q0	6317	4	73.77588	DPR-FSDM
1129	Q0	3313	5	72.73059	DPR-FSDM
1129	Q0	76472	6	72.019585	DPR-FSDM
1129	Q0	76347	7	71.74244	DPR-FSDM
1129	Q0	8330	8	71.74244	DPR-FSDM
1129	Q0	8235	9	70.27104	DPR-FSDM
1129	Q0	8836	10	68.980835	DPR-FSDM
1131	Q0	13049	1	77.53463	DPR-FSDM
1131	Q0	13013	2	76.66386	DPR-FSDM
1131	Q0	37632	3	76.64111	DPR-FSDM
1131	Q0	46022	4	76.43965	DPR-FSDM
1131	Q0	12743	5	75.98552	DPR-FSDM
1131	Q0	12547	6	75.02107	DPR-FSDM
1131	Q0	5761	7	72.37635	DPR-FSDM
1131	Q0	13016	8	69.91862	DPR-FSDM
1131	Q0	21563	9	68.36707	DPR-FSDM
1131	Q0	21564	10	64.81338	DPR-FSDM
1142	Q0	86371	1	82.63483	DPR-FSDM
1142	Q0	3801	2	75.81865	DPR-FSDM
1142	Q0	1927	3	75.81865	DPR-FSDM
1142	Q0	68122	4	72.3476	DPR-FSDM
1142	Q0	74750	5	69.356674	DPR-FSDM
1142	Q0	8555	6	69.335106	DPR-FSDM
1142	Q0	55907	7	68.015175	DPR-FSDM
1142	Q0	53722	8	67.63412	DPR-FSDM
1142	Q0	55901	9	66.87945	DPR-FSDM
1142	Q0	8533	10	65.7088	DPR-FSDM
1143	Q0	79232	1	107.13622	DPR-FSDM
1143	Q0	47170	2	88.5025	DPR-FSDM
1143	Q0	87252	3	87.86796	DPR-FSDM
1143	Q0	10244	4	85.0509	DPR-FSDM
1143	Q0	9550	5	83.78722	DPR-FSDM
1143	Q0	34181	6	82.73393	DPR-FSDM
1143	Q0	10504	7	79.81847	DPR-FSDM
1143	Q0	11534	8	79.77907	DPR-FSDM
1143	Q0	45585	9	76.821556	DPR-FSDM
1143	Q0	15192	10	73.681755	DPR-FSDM
1147	Q0	1186	1	98.21239	DPR-FSDM
1147	Q0	2734	2	96.85841	DPR-FSDM
1147	Q0	44039	3	94.46726	DPR-FSDM
1147	Q0	2696	4	93.19934	DPR-FSDM
1147	Q0	29783	5	74.295815	DPR-FSDM
1147	Q0	2768	6	74.132935	DPR-FSDM
1147	Q0	3087	7	73.36763	DPR-FSDM
1147	Q0	43079	8	72.88796	DPR-FSDM
1147	Q0	29436	9	72.24724	DPR-FSDM
1147	Q0	3177	10	69.81727	DPR-FSDM
1158	Q0	38521	1	80.867584	DPR-FSDM
1158	Q0	32223	2	76.96722	DPR-FSDM
1158	Q0	6667	3	74.75543	DPR-FSDM
1158	Q0	49347	4	71.36764	DPR-FSDM
1158	Q0	8260	5	70.985954	DPR-FSDM
1158	Q0	2445	6	69.95424	DPR-FSDM
1158	Q0	1951	7	69.69762	DPR-FSDM
1158	Q0	6317	8	69.14528	DPR-FSDM
1158	Q0	75518	9	68.150055	DPR-FSDM
1158	Q0	54140	10	65.912506	DPR-FSDM
1167	Q0	14084	1	103.91757	DPR-FSDM
1167	Q0	14177	2	102.90923	DPR-FSDM
1167	Q0	43276	3	93.54519	DPR-FSDM
1167	Q0	10859	4	88.57466	DPR-FSDM
1167	Q0	14434	5	85.02451	DPR-FSDM
1167	Q0	82037	6	83.23524	DPR-FSDM
1167	Q0	8985	7	81.153114	DPR-FSDM
1167	Q0	9378	8	81.11328	DPR-FSDM
1167	Q0	27583	9	77.04878	DPR-FSDM
1167	Q0	11636	10	70.495316	DPR-FSDM
1168	Q0	68978	1	85.904655	DPR-FSDM
1168	Q0	53645	2	80.491745	DPR-FSDM
1168	Q0	71427	3	79.698654	DPR-FSDM
1168	Q0	71458	4	79.62909	DPR-FSDM
1168	Q0	53633	5	78.665436	DPR-FSDM
1168	Q0	53648	6	77.44254	DPR-FSDM
1168	Q0	44950	7	74.79742	DPR-FSDM
1168	Q0	63142	8	69.352745	DPR-FSDM
1168	Q0	86324	9	52.94277	DPR-FSDM
1168	Q0	11849	10	43.439674	DPR-FSDM
1178	Q0	14491	1	78.096115	DPR-FSDM
1178	Q0	13582	2	78.08021	DPR-FSDM
1178	Q0	13568	3	77.7178	DPR-FSDM
1178	Q0	47974	4	65.87138	DPR-FSDM
1178	Q0	15715	5	62.624565	DPR-FSDM
1178	Q0	53741	6	61.480515	DPR-FSDM
1178	Q0	32546	7	56.433334	DPR-FSDM
1178	Q0	32537	8	55.866	DPR-FSDM
1178	Q0	47182	9	55.498455	DPR-FSDM
1178	Q0	54472	10	54.447098	DPR-FSDM
1187	Q0	29876	1	84.75549	DPR-FSDM
1187	Q0	11471	2	84.064316	DPR-FSDM
1187	Q0	11546	3	83.891014	DPR-FSDM
1187	Q0	29879	4	82.34581	DPR-FSDM
1187	Q0	6252	5	77.166275	DPR-FSDM
1187	Q0	29965	6	77.073364	DPR-FSDM
1187	Q0	6382	7	75.266716	DPR-FSDM
1187	Q0	6386	8	74.309296	DPR-FSDM
1187	Q0	6390	9	74.17227	DPR-FSDM
1187	Q0	29955	10	73.96356	DPR-FSDM
1188	Q0	8100	1	91.53066	DPR-FSDM
1188	Q0	73681	2	90.64421	DPR-FSDM
1188	Q0	7863	3	90.23788	DPR-FSDM
1188	Q0	31359	4	89.492546	DPR-FSDM
1188	Q0	8094	5	89.13137	DPR-FSDM
1188	Q0	8044	6	88.96913	DPR-FSDM
1188	Q0	9866	7	88.51777	DPR-FSDM
1188	Q0	8069	8	88.32369	DPR-FSDM
1188	Q0	31312	9	87.61487	DPR-FSDM
1188	Q0	7852	10	77.88514	DPR-FSDM
1200	Q0	7960	1	75.178345	DPR-FSDM
1200	Q0	7698	2	74.71476	DPR-FSDM
1200	Q0	7580	3	73.99326	DPR-FSDM
1200	Q0	64219	4	71.478485	DPR-FSDM
1200	Q0	45826	5	69.51911	DPR-FSDM
1200	Q0	6206	6	67.26633	DPR-FSDM
1200	Q0	46822	7	66.695526	DPR-FSDM
1200	Q0	39457	8	63.84046	DPR-FSDM
1200	Q0	28297	9	61.485374	DPR-FSDM
1200	Q0	16021	10	58.881405	DPR-FSDM
1208	Q0	51045	1	93.16377	DPR-FSDM
1208	Q0	53345	2	89.753	DPR-FSDM
1208	Q0	53109	3	89.5796	DPR-FSDM
1208	Q0	53172	4	89.5796	DPR-FSDM
1208	Q0	53226	5	87.768745	DPR-FSDM
1208	Q0	53269	6	87.11397	DPR-FSDM
1208	Q0	53350	7	87.11397	DPR-FSDM
1208	Q0	53525	8	87.00723	DPR-FSDM
1208	Q0	53099	9	86.84929	DPR-FSDM
1208	Q0	20983	10	59.85534	DPR-FSDM
1218	Q0	8013	1	83.919846	DPR-FSDM
1218	Q0	86451	2	81.976234	DPR-FSDM
1218	Q0	74883	3	80.25336	DPR-FSDM
1218	Q0	1665	4	80.134315	DPR-FSDM
1218	Q0	6464	5	79.33608	DPR-FSDM
1218	Q0	32254	6	77.9837	DPR-FSDM
1218	Q0	52197	7	77.343025	DPR-FSDM
1218	Q0	31882	8	76.68033	DPR-FSDM
1218	Q0	9329	9	70.98577	DPR-FSDM
1218	Q0	48707	10	70.55849	DPR-FSDM
1220	Q0	2084	1	84.87189	DPR-FSDM
1220	Q0	10252	2	74.66622	DPR-FSDM
1220	Q0	75655	3	68.88881	DPR-FSDM
1220	Q0	7140	4	67.93985	DPR-FSDM
1220	Q0	71488	5	67.147316	DPR-FSDM
1220	Q0	71479	6	62.976593	DPR-FSDM
1220	Q0	42890	7	61.538677	DPR-FSDM
1220	Q0	2755	8	61.07766	DPR-FSDM
1220	Q0	53642	9	56.85578	DPR-FSDM
1220	Q0	11616	10	55.185577	DPR-FSDM
1221	Q0	6298	1	98.85537	DPR-FSDM
1221	Q0	38384	2	97.92328	DPR-FSDM
1221	Q0	74986	3	95.36787	DPR-FSDM
1221	Q0	8529	4	95.05156	DPR-FSDM
1221	Q0	36461	5	94.12148	DPR-FSDM
1221	Q0	38279	6	90.63102	DPR-FSDM
1221	Q0	42459	7	88.534836	DPR-FSDM
1221	Q0	3046	8	88.506744	DPR-FSDM
1221	Q0	3018	9	83.59197	DPR-FSDM
1221	Q0	42437	10	83.14624	DPR-FSDM
1241	Q0	14013	1	91.8062	DPR-FSDM
1241	Q0	14603	2	89.601074	DPR-FSDM
1241	Q0	13357	3	88.99644	DPR-FSDM
1241	Q0	14509	4	88.51598	DPR-FSDM
1241	Q0	13349	5	86.39249	DPR-FSDM
1241	Q0	21569	6	69.19437	DPR-FSDM
1241	Q0	43372	7	67.30089	DPR-FSDM
1241	Q0	3841	8	66.71477	DPR-FSDM
1241	Q0	89097	9	63.49121	DPR-FSDM
1241	Q0	25040	10	58.83424	DPR-FSDM
