8	Q0	63180	1	78.09442	DPR-BM25
8	Q0	61778	2	77.96929	DPR-BM25
8	Q0	68994	3	72.95044	DPR-BM25
8	Q0	9094	4	72.722435	DPR-BM25
8	Q0	41757	5	69.98936	DPR-BM25
8	Q0	3035	6	69.51934	DPR-BM25
8	Q0	3531	7	69.259224	DPR-BM25
8	Q0	30649	8	67.89278	DPR-BM25
8	Q0	30663	9	66.940025	DPR-BM25
8	Q0	30594	10	64.27901	DPR-BM25
16	Q0	11849	1	91.43135	DPR-BM25
16	Q0	45691	2	88.81255	DPR-BM25
16	Q0	86253	3	88.60113	DPR-BM25
16	Q0	5897	4	88.267365	DPR-BM25
16	Q0	10280	5	88.23792	DPR-BM25
16	Q0	62618	6	87.87952	DPR-BM25
16	Q0	61802	7	78.05296	DPR-BM25
16	Q0	6126	8	72.17094	DPR-BM25
16	Q0	30330	9	72.17094	DPR-BM25
16	Q0	5989	10	71.46747	DPR-BM25
17	Q0	2206	1	88.55469	DPR-BM25
17	Q0	24175	2	87.27981	DPR-BM25
17	Q0	24086	3	87.08754	DPR-BM25
17	Q0	71076	4	79.61928	DPR-BM25
17	Q0	71075	5	79.226135	DPR-BM25
17	Q0	49217	6	78.04907	DPR-BM25
17	Q0	2483	7	77.677605	DPR-BM25
17	Q0	11258	8	75.025536	DPR-BM25
17	Q0	76923	9	74.71536	DPR-BM25
17	Q0	6100	10	74.27237	DPR-BM25
25	Q0	7993	1	71.53364	DPR-BM25
25	Q0	55221	2	70.8054	DPR-BM25
25	Q0	79196	3	69.80802	DPR-BM25
25	Q0	7991	4	68.549835	DPR-BM25
25	Q0	55395	5	68.39796	DPR-BM25
25	Q0	13284	6	66.982574	DPR-BM25
25	Q0	14417	7	66.934204	DPR-BM25
25	Q0	12233	8	64.0525	DPR-BM25
25	Q0	8342	9	62.43044	DPR-BM25
25	Q0	15174	10	59.072548	DPR-BM25
32	Q0	8282	1	104.18689	DPR-BM25
32	Q0	45027	2	83.64036	DPR-BM25
32	Q0	7421	3	83.64036	DPR-BM25
32	Q0	68259	4	82.698044	DPR-BM25
32	Q0	7646	5	81.79903	DPR-BM25
32	Q0	3127	6	81.00921	DPR-BM25
32	Q0	43153	7	80.30031	DPR-BM25
32	Q0	12513	8	80.05754	DPR-BM25
32	Q0	7630	9	78.31847	DPR-BM25
32	Q0	2981	10	78.11183	DPR-BM25
33	Q0	43918	1	80.80002	DPR-BM25
33	Q0	30780	2	79.561195	DPR-BM25
33	Q0	14976	3	77.119156	DPR-BM25
33	Q0	30883	4	76.4972	DPR-BM25
33	Q0	55340	5	74.829	DPR-BM25
33	Q0	30716	6	71.39497	DPR-BM25
33	Q0	3850	7	71.17267	DPR-BM25
33	Q0	24412	8	70.69753	DPR-BM25
33	Q0	30801	9	70.12633	DPR-BM25
33	Q0	4578	10	69.250824	DPR-BM25
40	Q0	4796	1	71.30775	DPR-BM25
40	Q0	68160	2	69.48902	DPR-BM25
40	Q0	11314	3	68.643745	DPR-BM25
40	Q0	44788	4	66.480736	DPR-BM25
40	Q0	11214	5	66.0267	DPR-BM25
40	Q0	76256	6	64.49057	DPR-BM25
40	Q0	12208	7	63.762512	DPR-BM25
40	Q0	10073	8	61.19468	DPR-BM25
40	Q0	12513	9	54.816883	DPR-BM25
40	Q0	14196	10	53.8592	DPR-BM25
47	Q0	11515	1	70.72696	DPR-BM25
47	Q0	9066	2	67.99761	DPR-BM25
47	Q0	24142	3	66.72232	DPR-BM25
47	Q0	2161	4	64.94749	DPR-BM25
47	Q0	6134	5	63.177906	DPR-BM25
47	Q0	29376	6	62.05133	DPR-BM25
47	Q0	5969	7	61.706818	DPR-BM25
47	Q0	6450	8	59.59215	DPR-BM25
47	Q0	30119	9	59.59215	DPR-BM25
47	Q0	12513	10	57.94607	DPR-BM25
48	Q0	24904	1	88.20189	DPR-BM25
48	Q0	62699	2	79.857216	DPR-BM25
48	Q0	62500	3	78.10846	DPR-BM25
48	Q0	8372	4	75.9965	DPR-BM25
48	Q0	32524	5	74.47725	DPR-BM25
48	Q0	52966	6	71.305885	DPR-BM25
48	Q0	53025	7	71.305885	DPR-BM25
48	Q0	32875	8	71.08134	DPR-BM25
48	Q0	32872	9	70.48335	DPR-BM25
48	Q0	21569	10	64.147	DPR-BM25
51	Q0	73029	1	87.945465	DPR-BM25
51	Q0	37167	2	84.32266	DPR-BM25
51	Q0	1905	3	84.17704	DPR-BM25
51	Q0	73079	4	83.240654	DPR-BM25
51	Q0	36408	5	81.98083	DPR-BM25
51	Q0	35501	6	79.123505	DPR-BM25
51	Q0	36432	7	78.488884	DPR-BM25
51	Q0	73046	8	72.540115	DPR-BM25
51	Q0	71338	9	67.864136	DPR-BM25
51	Q0	73048	10	67.51886	DPR-BM25
52	Q0	761	1	78.23369	DPR-BM25
52	Q0	12205	2	77.928406	DPR-BM25
52	Q0	42751	3	77.258644	DPR-BM25
52	Q0	31895	4	76.73509	DPR-BM25
52	Q0	74594	5	76.03667	DPR-BM25
52	Q0	11143	6	74.93107	DPR-BM25
52	Q0	32029	7	74.77724	DPR-BM25
52	Q0	34737	8	70.76514	DPR-BM25
52	Q0	36118	9	68.883896	DPR-BM25
52	Q0	85823	10	62.416656	DPR-BM25
57	Q0	84877	1	104.10073	DPR-BM25
57	Q0	82746	2	103.67379	DPR-BM25
57	Q0	83073	3	101.11731	DPR-BM25
57	Q0	10037	4	97.56905	DPR-BM25
57	Q0	85524	5	97.20549	DPR-BM25
57	Q0	70955	6	92.270905	DPR-BM25
57	Q0	23929	7	91.086914	DPR-BM25
57	Q0	12340	8	88.0847	DPR-BM25
57	Q0	42024	9	77.880066	DPR-BM25
57	Q0	15173	10	75.77486	DPR-BM25
60	Q0	38414	1	85.76659	DPR-BM25
60	Q0	63874	2	85.06549	DPR-BM25
60	Q0	38363	3	80.77023	DPR-BM25
60	Q0	38403	4	79.11611	DPR-BM25
60	Q0	3379	5	79.03198	DPR-BM25
60	Q0	42209	6	77.52798	DPR-BM25
60	Q0	13284	7	75.19604	DPR-BM25
60	Q0	14417	8	75.19604	DPR-BM25
60	Q0	29213	9	72.53093	DPR-BM25
60	Q0	9521	10	70.23027	DPR-BM25
61	Q0	9521	1	83.83485	DPR-BM25
61	Q0	38414	2	83.719406	DPR-BM25
61	Q0	13284	3	78.86283	DPR-BM25
61	Q0	14417	4	78.86283	DPR-BM25
61	Q0	9530	5	77.36261	DPR-BM25
61	Q0	28671	6	75.875175	DPR-BM25
61	Q0	53752	7	73.99387	DPR-BM25
61	Q0	29213	8	71.80155	DPR-BM25
61	Q0	42209	9	69.852234	DPR-BM25
61	Q0	3379	10	69.85046	DPR-BM25
63	Q0	14417	1	69.82935	DPR-BM25
63	Q0	13284	2	69.82935	DPR-BM25
63	Q0	11214	3	69.49786	DPR-BM25
63	Q0	76256	4	68.34335	DPR-BM25
63	Q0	5591	5	67.96809	DPR-BM25
63	Q0	10778	6	67.157974	DPR-BM25
63	Q0	81113	7	62.435375	DPR-BM25
63	Q0	6516	8	60.05904	DPR-BM25
63	Q0	9423	9	59.02758	DPR-BM25
63	Q0	12513	10	54.68063	DPR-BM25
66	Q0	43927	1	73.90666	DPR-BM25
66	Q0	43870	2	73.69746	DPR-BM25
66	Q0	2964	3	73.230896	DPR-BM25
66	Q0	43090	4	73.181114	DPR-BM25
66	Q0	2911	5	73.02569	DPR-BM25
66	Q0	43153	6	63.41339	DPR-BM25
66	Q0	2981	7	63.353233	DPR-BM25
66	Q0	3127	8	63.31921	DPR-BM25
66	Q0	3094	9	62.825172	DPR-BM25
66	Q0	3139	10	62.30326	DPR-BM25
67	Q0	48422	1	72.74244	DPR-BM25
67	Q0	8286	2	71.44562	DPR-BM25
67	Q0	14488	3	70.74329	DPR-BM25
67	Q0	75894	4	70.55005	DPR-BM25
67	Q0	13289	5	70.14613	DPR-BM25
67	Q0	7501	6	69.57523	DPR-BM25
67	Q0	16066	7	68.62887	DPR-BM25
67	Q0	10280	8	67.93939	DPR-BM25
67	Q0	16065	9	67.725426	DPR-BM25
67	Q0	50649	10	67.26357	DPR-BM25
69	Q0	9520	1	69.69393	DPR-BM25
69	Q0	9497	2	69.00172	DPR-BM25
69	Q0	9498	3	68.26064	DPR-BM25
69	Q0	9488	4	66.359634	DPR-BM25
69	Q0	4440	5	61.967567	DPR-BM25
69	Q0	9525	6	61.148426	DPR-BM25
69	Q0	9486	7	59.86889	DPR-BM25
69	Q0	71582	8	54.944183	DPR-BM25
69	Q0	68854	9	52.36236	DPR-BM25
69	Q0	9819	10	51.85288	DPR-BM25
70	Q0	48367	1	77.65856	DPR-BM25
70	Q0	12237	2	77.486115	DPR-BM25
70	Q0	48403	3	70.977715	DPR-BM25
70	Q0	12228	4	67.55999	DPR-BM25
70	Q0	45877	5	66.62056	DPR-BM25
70	Q0	11711	6	64.972496	DPR-BM25
70	Q0	45606	7	64.74015	DPR-BM25
70	Q0	11347	8	64.53897	DPR-BM25
70	Q0	45650	9	64.06864	DPR-BM25
70	Q0	11989	10	59.448944	DPR-BM25
71	Q0	71537	1	77.890816	DPR-BM25
71	Q0	2493	2	75.95491	DPR-BM25
71	Q0	71655	3	71.04154	DPR-BM25
71	Q0	71494	4	70.175865	DPR-BM25
71	Q0	47942	5	66.81113	DPR-BM25
71	Q0	15641	6	63.70961	DPR-BM25
71	Q0	45065	7	62.115	DPR-BM25
71	Q0	3367	8	58.755066	DPR-BM25
71	Q0	7502	9	58.734196	DPR-BM25
71	Q0	11233	10	54.566353	DPR-BM25
72	Q0	35501	1	98.415115	DPR-BM25
72	Q0	1905	2	98.13991	DPR-BM25
72	Q0	2149	3	96.99379	DPR-BM25
72	Q0	71408	4	92.520836	DPR-BM25
72	Q0	35213	5	89.44432	DPR-BM25
72	Q0	4524	6	81.25964	DPR-BM25
72	Q0	2593	7	80.70237	DPR-BM25
72	Q0	31820	8	76.09986	DPR-BM25
72	Q0	4461	9	75.34584	DPR-BM25
72	Q0	4682	10	72.14833	DPR-BM25
75	Q0	4916	1	92.134796	DPR-BM25
75	Q0	5543	2	90.33272	DPR-BM25
75	Q0	13284	3	89.84534	DPR-BM25
75	Q0	14417	4	89.84534	DPR-BM25
75	Q0	24051	5	85.515	DPR-BM25
75	Q0	2207	6	84.728294	DPR-BM25
75	Q0	11654	7	82.77689	DPR-BM25
75	Q0	4317	8	81.34337	DPR-BM25
75	Q0	74835	9	68.48255	DPR-BM25
75	Q0	7107	10	68.471214	DPR-BM25
83	Q0	25051	1	91.130486	DPR-BM25
83	Q0	6103	2	87.17197	DPR-BM25
83	Q0	87389	3	85.126366	DPR-BM25
83	Q0	62010	4	83.37977	DPR-BM25
83	Q0	64576	5	81.50583	DPR-BM25
83	Q0	34452	6	78.04205	DPR-BM25
83	Q0	625	7	67.29436	DPR-BM25
83	Q0	7504	8	62.572304	DPR-BM25
83	Q0	5872	9	59.806694	DPR-BM25
83	Q0	34151	10	59.130295	DPR-BM25
85	Q0	7909	1	97.93071	DPR-BM25
85	Q0	46787	2	97.66264	DPR-BM25
85	Q0	8182	3	92.33293	DPR-BM25
85	Q0	12204	4	89.59712	DPR-BM25
85	Q0	43503	5	86.592995	DPR-BM25
85	Q0	7345	6	84.78713	DPR-BM25
85	Q0	8004	7	82.69976	DPR-BM25
85	Q0	74398	8	79.21105	DPR-BM25
85	Q0	74539	9	77.52976	DPR-BM25
85	Q0	11484	10	76.80625	DPR-BM25
88	Q0	48658	1	79.7232	DPR-BM25
88	Q0	51858	2	73.30312	DPR-BM25
88	Q0	25071	3	72.27368	DPR-BM25
88	Q0	38509	4	72.26809	DPR-BM25
88	Q0	49019	5	70.574905	DPR-BM25
88	Q0	8959	6	69.77488	DPR-BM25
88	Q0	69228	7	67.993095	DPR-BM25
88	Q0	3695	8	63.897507	DPR-BM25
88	Q0	3721	9	62.152145	DPR-BM25
88	Q0	12273	10	57.092667	DPR-BM25
92	Q0	10483	1	93.88323	DPR-BM25
92	Q0	63240	2	85.80751	DPR-BM25
92	Q0	74848	3	82.15962	DPR-BM25
92	Q0	11736	4	77.67497	DPR-BM25
92	Q0	63845	5	72.43673	DPR-BM25
92	Q0	30648	6	71.20718	DPR-BM25
92	Q0	4594	7	70.74198	DPR-BM25
92	Q0	12513	8	66.917694	DPR-BM25
92	Q0	10640	9	65.51226	DPR-BM25
92	Q0	31922	10	53.993164	DPR-BM25
100	Q0	8453	1	75.33626	DPR-BM25
100	Q0	697	2	71.89938	DPR-BM25
100	Q0	8305	3	71.05719	DPR-BM25
100	Q0	926	4	70.865776	DPR-BM25
100	Q0	75360	5	70.28067	DPR-BM25
100	Q0	54472	6	63.642754	DPR-BM25
100	Q0	53744	7	63.396038	DPR-BM25
100	Q0	9140	8	61.590195	DPR-BM25
100	Q0	53741	9	59.670883	DPR-BM25
100	Q0	30654	10	52.684166	DPR-BM25
104	Q0	35831	1	101.659164	DPR-BM25
104	Q0	5506	2	92.996155	DPR-BM25
104	Q0	34862	3	90.86757	DPR-BM25
104	Q0	3218	4	86.98274	DPR-BM25
104	Q0	14924	5	86.427315	DPR-BM25
104	Q0	13579	6	86.427315	DPR-BM25
104	Q0	3659	7	82.64592	DPR-BM25
104	Q0	24299	8	77.52029	DPR-BM25
104	Q0	43219	9	76.99035	DPR-BM25
104	Q0	12513	10	75.13951	DPR-BM25
105	Q0	3660	1	75.21713	DPR-BM25
105	Q0	11080	2	75.12733	DPR-BM25
105	Q0	11768	3	68.84124	DPR-BM25
105	Q0	15381	4	68.34061	DPR-BM25
105	Q0	46694	5	67.97974	DPR-BM25
105	Q0	70723	6	65.13849	DPR-BM25
105	Q0	10658	7	61.476772	DPR-BM25
105	Q0	48013	8	60.443798	DPR-BM25
105	Q0	87475	9	57.9973	DPR-BM25
105	Q0	31320	10	54.725967	DPR-BM25
110	Q0	7020	1	83.30859	DPR-BM25
110	Q0	42750	2	80.7594	DPR-BM25
110	Q0	11951	3	76.15191	DPR-BM25
110	Q0	31928	4	76.05188	DPR-BM25
110	Q0	4605	5	73.65625	DPR-BM25
110	Q0	74889	6	70.16879	DPR-BM25
110	Q0	42746	7	67.56766	DPR-BM25
110	Q0	11053	8	66.51201	DPR-BM25
110	Q0	45794	9	63.224335	DPR-BM25
110	Q0	11705	10	61.772015	DPR-BM25
116	Q0	66193	1	107.05253	DPR-BM25
116	Q0	50524	2	99.9126	DPR-BM25
116	Q0	4751	3	99.64911	DPR-BM25
116	Q0	63861	4	94.02605	DPR-BM25
116	Q0	9654	5	91.980606	DPR-BM25
116	Q0	42707	6	89.38074	DPR-BM25
116	Q0	2738	7	86.698364	DPR-BM25
116	Q0	38066	8	86.00155	DPR-BM25
116	Q0	50982	9	85.68768	DPR-BM25
116	Q0	4799	10	83.57858	DPR-BM25
117	Q0	63268	1	102.58894	DPR-BM25
117	Q0	63269	2	102.264915	DPR-BM25
117	Q0	15243	3	94.74696	DPR-BM25
117	Q0	14417	4	91.53048	DPR-BM25
117	Q0	13284	5	91.53048	DPR-BM25
117	Q0	11142	6	88.09099	DPR-BM25
117	Q0	42710	7	87.247475	DPR-BM25
117	Q0	29436	8	82.889175	DPR-BM25
117	Q0	63272	9	78.0142	DPR-BM25
117	Q0	12513	10	73.92299	DPR-BM25
121	Q0	7991	1	92.16847	DPR-BM25
121	Q0	55395	2	91.68608	DPR-BM25
121	Q0	2037	3	73.66046	DPR-BM25
121	Q0	9814	4	72.46984	DPR-BM25
121	Q0	10163	5	70.56172	DPR-BM25
121	Q0	5269	6	65.235954	DPR-BM25
121	Q0	1712	7	63.85947	DPR-BM25
121	Q0	10280	8	63.853554	DPR-BM25
121	Q0	579	9	60.67277	DPR-BM25
121	Q0	12513	10	57.430756	DPR-BM25
128	Q0	33533	1	91.23648	DPR-BM25
128	Q0	33302	2	90.96616	DPR-BM25
128	Q0	33206	3	90.49449	DPR-BM25
128	Q0	33179	4	89.6087	DPR-BM25
128	Q0	33520	5	88.66711	DPR-BM25
128	Q0	33255	6	88.551575	DPR-BM25
128	Q0	33519	7	88.53864	DPR-BM25
128	Q0	33732	8	87.87973	DPR-BM25
128	Q0	33495	9	85.4781	DPR-BM25
128	Q0	33113	10	85.463165	DPR-BM25
129	Q0	12337	1	66.51631	DPR-BM25
129	Q0	12211	2	65.7202	DPR-BM25
129	Q0	12354	3	64.79527	DPR-BM25
129	Q0	12045	4	64.19452	DPR-BM25
129	Q0	9715	5	63.12387	DPR-BM25
129	Q0	7388	6	62.360107	DPR-BM25
129	Q0	12214	7	61.952515	DPR-BM25
129	Q0	12339	8	60.966377	DPR-BM25
129	Q0	9809	9	60.716732	DPR-BM25
129	Q0	4594	10	59.0988	DPR-BM25
131	Q0	45691	1	84.71743	DPR-BM25
131	Q0	5897	2	84.296326	DPR-BM25
131	Q0	4749	3	83.45134	DPR-BM25
131	Q0	5483	4	79.632454	DPR-BM25
131	Q0	61802	5	77.12548	DPR-BM25
131	Q0	8878	6	76.49351	DPR-BM25
131	Q0	55273	7	76.49351	DPR-BM25
131	Q0	7790	8	75.99917	DPR-BM25
131	Q0	55364	9	75.99917	DPR-BM25
131	Q0	12513	10	57.68803	DPR-BM25
142	Q0	16076	1	77.400024	DPR-BM25
142	Q0	73761	2	72.70849	DPR-BM25
142	Q0	10454	3	72.70849	DPR-BM25
142	Q0	10449	4	72.56064	DPR-BM25
142	Q0	10450	5	71.929955	DPR-BM25
142	Q0	10451	6	71.23066	DPR-BM25
142	Q0	31730	7	70.7984	DPR-BM25
142	Q0	10452	8	70.65443	DPR-BM25
142	Q0	4594	9	57.535824	DPR-BM25
142	Q0	42698	10	48.1522	DPR-BM25
143	Q0	34936	1	73.80618	DPR-BM25
143	Q0	10271	2	70.56932	DPR-BM25
143	Q0	34760	3	69.73944	DPR-BM25
143	Q0	2982	4	69.25557	DPR-BM25
143	Q0	34799	5	68.89502	DPR-BM25
143	Q0	957	6	67.63556	DPR-BM25
143	Q0	7126	7	64.618	DPR-BM25
143	Q0	4940	8	63.036045	DPR-BM25
143	Q0	3628	9	61.423744	DPR-BM25
143	Q0	36491	10	57.776546	DPR-BM25
147	Q0	75616	1	73.85602	DPR-BM25
147	Q0	8970	2	72.52246	DPR-BM25
147	Q0	11233	3	70.2164	DPR-BM25
147	Q0	69292	4	68.86393	DPR-BM25
147	Q0	7107	5	68.67704	DPR-BM25
147	Q0	69166	6	67.30417	DPR-BM25
147	Q0	65706	7	67.25331	DPR-BM25
147	Q0	9381	8	66.91694	DPR-BM25
147	Q0	15788	9	66.09478	DPR-BM25
147	Q0	66018	10	58.772495	DPR-BM25
158	Q0	15250	1	91.63608	DPR-BM25
158	Q0	13815	2	91.63608	DPR-BM25
158	Q0	63268	3	89.461105	DPR-BM25
158	Q0	2664	4	82.312515	DPR-BM25
158	Q0	34645	5	82.27451	DPR-BM25
158	Q0	3106	6	78.09809	DPR-BM25
158	Q0	38033	7	76.336716	DPR-BM25
158	Q0	14735	8	73.35207	DPR-BM25
158	Q0	34714	9	67.34936	DPR-BM25
158	Q0	21569	10	66.44358	DPR-BM25
167	Q0	3493	1	72.4105	DPR-BM25
167	Q0	31069	2	72.1444	DPR-BM25
167	Q0	69989	3	71.4014	DPR-BM25
167	Q0	3629	4	65.73983	DPR-BM25
167	Q0	3483	5	65.057945	DPR-BM25
167	Q0	5538	6	61.82918	DPR-BM25
167	Q0	69168	7	60.298115	DPR-BM25
167	Q0	4545	8	59.56579	DPR-BM25
167	Q0	42010	9	58.890953	DPR-BM25
167	Q0	12513	10	50.866875	DPR-BM25
168	Q0	5082	1	100.43971	DPR-BM25
168	Q0	5255	2	100.43971	DPR-BM25
168	Q0	4856	3	95.40073	DPR-BM25
168	Q0	5476	4	95.40073	DPR-BM25
168	Q0	5055	5	92.44584	DPR-BM25
168	Q0	5122	6	91.25983	DPR-BM25
168	Q0	1786	7	90.781845	DPR-BM25
168	Q0	5376	8	90.56057	DPR-BM25
168	Q0	4846	9	89.74653	DPR-BM25
168	Q0	5351	10	88.95907	DPR-BM25
178	Q0	2095	1	101.547585	DPR-BM25
178	Q0	7065	2	92.31171	DPR-BM25
178	Q0	87963	3	90.88118	DPR-BM25
178	Q0	5580	4	89.97002	DPR-BM25
178	Q0	5591	5	81.05009	DPR-BM25
178	Q0	5577	6	80.71139	DPR-BM25
178	Q0	5568	7	80.66919	DPR-BM25
178	Q0	5394	8	77.77837	DPR-BM25
178	Q0	7384	9	77.544075	DPR-BM25
178	Q0	38074	10	72.37194	DPR-BM25
187	Q0	54136	1	91.60448	DPR-BM25
187	Q0	53829	2	91.01724	DPR-BM25
187	Q0	26139	3	90.42512	DPR-BM25
187	Q0	53950	4	89.77285	DPR-BM25
187	Q0	16078	5	83.01209	DPR-BM25
187	Q0	54079	6	80.73048	DPR-BM25
187	Q0	26159	7	75.353386	DPR-BM25
187	Q0	3725	8	72.84934	DPR-BM25
187	Q0	9697	9	68.25873	DPR-BM25
187	Q0	13356	10	55.640903	DPR-BM25
188	Q0	84311	1	92.23441	DPR-BM25
188	Q0	83174	2	88.96152	DPR-BM25
188	Q0	10037	3	83.71016	DPR-BM25
188	Q0	28924	4	80.950226	DPR-BM25
188	Q0	84478	5	77.50416	DPR-BM25
188	Q0	28671	6	75.47179	DPR-BM25
188	Q0	35459	7	74.25212	DPR-BM25
188	Q0	28744	8	71.069664	DPR-BM25
188	Q0	34662	9	67.83079	DPR-BM25
188	Q0	28732	10	63.93116	DPR-BM25
200	Q0	28921	1	89.12942	DPR-BM25
200	Q0	29064	2	84.362915	DPR-BM25
200	Q0	32497	3	82.92069	DPR-BM25
200	Q0	32507	4	79.872894	DPR-BM25
200	Q0	32483	5	76.02943	DPR-BM25
200	Q0	32498	6	75.53321	DPR-BM25
200	Q0	50967	7	75.39137	DPR-BM25
200	Q0	5384	8	74.01727	DPR-BM25
200	Q0	12513	9	65.66692	DPR-BM25
200	Q0	5262	10	65.240906	DPR-BM25
203	Q0	14011	1	70.249626	DPR-BM25
203	Q0	5901	2	63.873466	DPR-BM25
203	Q0	10977	3	60.568993	DPR-BM25
203	Q0	42885	4	60.070774	DPR-BM25
203	Q0	46370	5	59.509285	DPR-BM25
203	Q0	9679	6	59.44967	DPR-BM25
203	Q0	12295	7	59.19899	DPR-BM25
203	Q0	53744	8	58.627586	DPR-BM25
203	Q0	42852	9	58.559097	DPR-BM25
203	Q0	1056	10	55.739994	DPR-BM25
218	Q0	13369	1	82.44537	DPR-BM25
218	Q0	14336	2	81.81682	DPR-BM25
218	Q0	14751	3	79.90042	DPR-BM25
218	Q0	14750	4	79.36751	DPR-BM25
218	Q0	14163	5	78.6285	DPR-BM25
218	Q0	13845	6	73.44259	DPR-BM25
218	Q0	15205	7	73.44259	DPR-BM25
218	Q0	4818	8	69.42388	DPR-BM25
218	Q0	11233	9	65.19273	DPR-BM25
218	Q0	10689	10	56.27763	DPR-BM25
219	Q0	75616	1	71.83971	DPR-BM25
219	Q0	62203	2	71.14903	DPR-BM25
219	Q0	13715	3	69.36364	DPR-BM25
219	Q0	14430	4	69.01258	DPR-BM25
219	Q0	48006	5	65.72186	DPR-BM25
219	Q0	32314	6	55.932045	DPR-BM25
219	Q0	32275	7	54.577206	DPR-BM25
219	Q0	26271	8	53.50199	DPR-BM25
219	Q0	12504	9	53.50199	DPR-BM25
219	Q0	31956	10	52.675446	DPR-BM25
231	Q0	47631	1	96.23584	DPR-BM25
231	Q0	63717	2	90.62516	DPR-BM25
231	Q0	13142	3	90.21434	DPR-BM25
231	Q0	10918	4	89.865105	DPR-BM25
231	Q0	10884	5	88.66945	DPR-BM25
231	Q0	87370	6	87.44686	DPR-BM25
231	Q0	30598	7	84.23338	DPR-BM25
231	Q0	29088	8	77.02205	DPR-BM25
231	Q0	29228	9	73.52927	DPR-BM25
231	Q0	29084	10	72.26876	DPR-BM25
232	Q0	41857	1	95.28912	DPR-BM25
232	Q0	2826	2	88.59334	DPR-BM25
232	Q0	41863	3	88.42139	DPR-BM25
232	Q0	54083	4	87.663414	DPR-BM25
232	Q0	54266	5	87.37645	DPR-BM25
232	Q0	52990	6	84.590195	DPR-BM25
232	Q0	53864	7	82.6206	DPR-BM25
232	Q0	54005	8	82.616486	DPR-BM25
232	Q0	54234	9	79.060165	DPR-BM25
232	Q0	54249	10	78.78787	DPR-BM25
252	Q0	5721	1	78.03232	DPR-BM25
252	Q0	11044	2	77.735374	DPR-BM25
252	Q0	50559	3	74.65484	DPR-BM25
252	Q0	4007	4	72.98511	DPR-BM25
252	Q0	32501	5	71.910194	DPR-BM25
252	Q0	8154	6	68.99448	DPR-BM25
252	Q0	1031	7	65.923965	DPR-BM25
252	Q0	34343	8	62.52432	DPR-BM25
252	Q0	34449	9	60.75202	DPR-BM25
252	Q0	1622	10	58.956078	DPR-BM25
1008	Q0	10889	1	96.05738	DPR-BM25
1008	Q0	46500	2	94.959435	DPR-BM25
1008	Q0	11427	3	94.80937	DPR-BM25
1008	Q0	29673	4	90.63709	DPR-BM25
1008	Q0	3335	5	90.01307	DPR-BM25
1008	Q0	8806	6	88.73148	DPR-BM25
1008	Q0	2223	7	86.499985	DPR-BM25
1008	Q0	11680	8	83.34277	DPR-BM25
1008	Q0	29449	9	82.68141	DPR-BM25
1008	Q0	10280	10	77.01711	DPR-BM25
1016	Q0	74801	1	85.34526	DPR-BM25
1016	Q0	3647	2	83.61003	DPR-BM25
1016	Q0	1665	3	83.22421	DPR-BM25
1016	Q0	74827	4	78.56672	DPR-BM25
1016	Q0	5879	5	77.494644	DPR-BM25
1016	Q0	8475	6	77.29146	DPR-BM25
1016	Q0	6688	7	76.61344	DPR-BM25
1016	Q0	7378	8	76.517265	DPR-BM25
1016	Q0	74634	9	75.632416	DPR-BM25
1016	Q0	7164	10	73.01077	DPR-BM25
1017	Q0	14308	1	108.520935	DPR-BM25
1017	Q0	13339	2	108.47245	DPR-BM25
1017	Q0	3751	3	85.136086	DPR-BM25
1017	Q0	44777	4	82.75838	DPR-BM25
1017	Q0	44796	5	77.38751	DPR-BM25
1017	Q0	44715	6	76.323814	DPR-BM25
1017	Q0	14530	7	75.35984	DPR-BM25
1017	Q0	43532	8	70.71355	DPR-BM25
1017	Q0	2692	9	68.58436	DPR-BM25
1017	Q0	71560	10	67.783936	DPR-BM25
1025	Q0	50901	1	99.86364	DPR-BM25
1025	Q0	24299	2	93.49485	DPR-BM25
1025	Q0	2188	3	90.42447	DPR-BM25
1025	Q0	11405	4	87.78479	DPR-BM25
1025	Q0	46530	5	86.538376	DPR-BM25
1025	Q0	8342	6	85.66328	DPR-BM25
1025	Q0	74594	7	83.07327	DPR-BM25
1025	Q0	29449	8	82.23866	DPR-BM25
1025	Q0	11143	9	82.09227	DPR-BM25
1025	Q0	4594	10	74.19884	DPR-BM25
1032	Q0	74404	1	92.293396	DPR-BM25
1032	Q0	71703	2	90.73204	DPR-BM25
1032	Q0	62269	3	90.54431	DPR-BM25
1032	Q0	71714	4	85.82978	DPR-BM25
1032	Q0	7663	5	85.818344	DPR-BM25
1032	Q0	51844	6	83.99566	DPR-BM25
1032	Q0	71698	7	83.8616	DPR-BM25
1032	Q0	5686	8	80.25849	DPR-BM25
1032	Q0	88543	9	76.42523	DPR-BM25
1032	Q0	3527	10	68.11915	DPR-BM25
1033	Q0	9312	1	124.91835	DPR-BM25
1033	Q0	69033	2	123.971466	DPR-BM25
1033	Q0	2836	3	122.07167	DPR-BM25
1033	Q0	42321	4	121.535675	DPR-BM25
1033	Q0	76669	5	117.4569	DPR-BM25
1033	Q0	74622	6	116.67452	DPR-BM25
1033	Q0	10125	7	116.171486	DPR-BM25
1033	Q0	8722	8	116.171486	DPR-BM25
1033	Q0	8545	9	114.65811	DPR-BM25
1033	Q0	76557	10	101.66527	DPR-BM25
1040	Q0	69006	1	80.62317	DPR-BM25
1040	Q0	9291	2	80.42585	DPR-BM25
1040	Q0	9995	3	80.29266	DPR-BM25
1040	Q0	8213	4	80.26336	DPR-BM25
1040	Q0	11382	5	74.307755	DPR-BM25
1040	Q0	9039	6	71.997955	DPR-BM25
1040	Q0	9091	7	69.792946	DPR-BM25
1040	Q0	3152	8	67.807175	DPR-BM25
1040	Q0	9261	9	62.358	DPR-BM25
1040	Q0	9329	10	57.839226	DPR-BM25
1047	Q0	33284	1	94.16597	DPR-BM25
1047	Q0	33288	2	92.94162	DPR-BM25
1047	Q0	33257	3	92.06093	DPR-BM25
1047	Q0	33297	4	91.872345	DPR-BM25
1047	Q0	33279	5	91.48625	DPR-BM25
1047	Q0	33259	6	91.30175	DPR-BM25
1047	Q0	33270	7	90.80761	DPR-BM25
1047	Q0	33286	8	90.15282	DPR-BM25
1047	Q0	33268	9	90.11479	DPR-BM25
1047	Q0	63150	10	86.48689	DPR-BM25
1048	Q0	63398	1	81.76649	DPR-BM25
1048	Q0	71342	2	81.65952	DPR-BM25
1048	Q0	63432	3	80.78439	DPR-BM25
1048	Q0	71635	4	79.46511	DPR-BM25
1048	Q0	12236	5	79.29547	DPR-BM25
1048	Q0	62313	6	78.10031	DPR-BM25
1048	Q0	74404	7	77.10853	DPR-BM25
1048	Q0	65903	8	64.65099	DPR-BM25
1048	Q0	3495	9	60.71741	DPR-BM25
1048	Q0	3367	10	57.637775	DPR-BM25
1051	Q0	14324	1	106.59268	DPR-BM25
1051	Q0	13347	2	105.251465	DPR-BM25
1051	Q0	14277	3	98.47408	DPR-BM25
1051	Q0	13283	4	97.937225	DPR-BM25
1051	Q0	14546	5	96.94211	DPR-BM25
1051	Q0	12636	6	96.087364	DPR-BM25
1051	Q0	51081	7	90.01484	DPR-BM25
1051	Q0	12513	8	86.89824	DPR-BM25
1051	Q0	14580	9	75.50845	DPR-BM25
1051	Q0	13288	10	75.09828	DPR-BM25
1052	Q0	41136	1	83.131805	DPR-BM25
1052	Q0	27341	2	81.75702	DPR-BM25
1052	Q0	11818	3	77.20445	DPR-BM25
1052	Q0	11788	4	74.742584	DPR-BM25
1052	Q0	11787	5	74.14451	DPR-BM25
1052	Q0	41132	6	73.48435	DPR-BM25
1052	Q0	41115	7	73.34292	DPR-BM25
1052	Q0	11820	8	72.80971	DPR-BM25
1052	Q0	11795	9	64.681625	DPR-BM25
1052	Q0	41087	10	64.141266	DPR-BM25
1057	Q0	14750	1	86.92444	DPR-BM25
1057	Q0	14751	2	86.92444	DPR-BM25
1057	Q0	76059	3	79.81583	DPR-BM25
1057	Q0	8512	4	79.81583	DPR-BM25
1057	Q0	14352	5	79.493805	DPR-BM25
1057	Q0	13379	6	79.21226	DPR-BM25
1057	Q0	14742	7	75.07474	DPR-BM25
1057	Q0	7107	8	70.32999	DPR-BM25
1057	Q0	74835	9	69.74815	DPR-BM25
1057	Q0	12518	10	68.2062	DPR-BM25
1060	Q0	55886	1	115.2987	DPR-BM25
1060	Q0	34255	2	111.99161	DPR-BM25
1060	Q0	9550	3	96.166595	DPR-BM25
1060	Q0	77588	4	94.37975	DPR-BM25
1060	Q0	31199	5	93.32777	DPR-BM25
1060	Q0	34228	6	92.83229	DPR-BM25
1060	Q0	77461	7	88.52905	DPR-BM25
1060	Q0	34284	8	88.472176	DPR-BM25
1060	Q0	45585	9	87.51184	DPR-BM25
1060	Q0	10510	10	85.35175	DPR-BM25
1061	Q0	12262	1	115.86942	DPR-BM25
1061	Q0	4601	2	114.777695	DPR-BM25
1061	Q0	12269	3	111.474434	DPR-BM25
1061	Q0	49730	4	110.32938	DPR-BM25
1061	Q0	11924	5	109.985916	DPR-BM25
1061	Q0	48413	6	101.013145	DPR-BM25
1061	Q0	12129	7	100.00946	DPR-BM25
1061	Q0	48963	8	95.886665	DPR-BM25
1061	Q0	10275	9	91.31255	DPR-BM25
1061	Q0	50149	10	91.07149	DPR-BM25
1063	Q0	13349	1	89.45799	DPR-BM25
1063	Q0	14509	2	89.45799	DPR-BM25
1063	Q0	16059	3	88.5532	DPR-BM25
1063	Q0	16072	4	82.050735	DPR-BM25
1063	Q0	16077	5	81.569115	DPR-BM25
1063	Q0	16073	6	78.88081	DPR-BM25
1063	Q0	4103	7	78.761635	DPR-BM25
1063	Q0	62736	8	76.39474	DPR-BM25
1063	Q0	87327	9	75.74937	DPR-BM25
1063	Q0	10227	10	72.38635	DPR-BM25
1066	Q0	15186	1	106.047714	DPR-BM25
1066	Q0	15187	2	89.56152	DPR-BM25
1066	Q0	15175	3	83.83815	DPR-BM25
1066	Q0	15174	4	78.8735	DPR-BM25
1066	Q0	7974	5	76.62214	DPR-BM25
1066	Q0	15191	6	73.78998	DPR-BM25
1066	Q0	15173	7	71.32941	DPR-BM25
1066	Q0	15176	8	71.18152	DPR-BM25
1066	Q0	11112	9	65.80008	DPR-BM25
1066	Q0	45735	10	64.25148	DPR-BM25
1067	Q0	27108	1	91.42993	DPR-BM25
1067	Q0	65661	2	91.117424	DPR-BM25
1067	Q0	11145	3	85.08826	DPR-BM25
1067	Q0	28516	4	83.01251	DPR-BM25
1067	Q0	28527	5	82.684265	DPR-BM25
1067	Q0	1748	6	82.14989	DPR-BM25
1067	Q0	28526	7	80.997856	DPR-BM25
1067	Q0	5279	8	80.811714	DPR-BM25
1067	Q0	1622	9	79.624115	DPR-BM25
1067	Q0	613	10	65.94278	DPR-BM25
1069	Q0	55752	1	79.78518	DPR-BM25
1069	Q0	8885	2	79.42787	DPR-BM25
1069	Q0	4660	3	78.64287	DPR-BM25
1069	Q0	11475	4	68.28117	DPR-BM25
1069	Q0	75223	5	68.1655	DPR-BM25
1069	Q0	32250	6	67.13083	DPR-BM25
1069	Q0	46850	7	63.507042	DPR-BM25
1069	Q0	10455	8	62.217995	DPR-BM25
1069	Q0	11661	9	61.351982	DPR-BM25
1069	Q0	14530	10	60.377056	DPR-BM25
1070	Q0	8984	1	95.72714	DPR-BM25
1070	Q0	21536	2	93.69886	DPR-BM25
1070	Q0	14924	3	89.376236	DPR-BM25
1070	Q0	13579	4	89.376236	DPR-BM25
1070	Q0	13611	5	88.8162	DPR-BM25
1070	Q0	15054	6	88.8162	DPR-BM25
1070	Q0	12513	7	88.68822	DPR-BM25
1070	Q0	15002	8	87.80186	DPR-BM25
1070	Q0	10110	9	78.51203	DPR-BM25
1070	Q0	6397	10	75.58018	DPR-BM25
1071	Q0	15174	1	101.99408	DPR-BM25
1071	Q0	15175	2	100.389404	DPR-BM25
1071	Q0	15191	3	99.0942	DPR-BM25
1071	Q0	15173	4	95.38909	DPR-BM25
1071	Q0	46500	5	92.26625	DPR-BM25
1071	Q0	15186	6	91.16129	DPR-BM25
1071	Q0	15176	7	91.14905	DPR-BM25
1071	Q0	15192	8	88.8111	DPR-BM25
1071	Q0	15187	9	84.06182	DPR-BM25
1071	Q0	599	10	82.18771	DPR-BM25
1072	Q0	87307	1	95.53014	DPR-BM25
1072	Q0	87649	2	94.72708	DPR-BM25
1072	Q0	4379	3	90.68415	DPR-BM25
1072	Q0	45448	4	83.047775	DPR-BM25
1072	Q0	31088	5	76.99751	DPR-BM25
1072	Q0	15004	6	74.86032	DPR-BM25
1072	Q0	15716	7	70.5157	DPR-BM25
1072	Q0	11988	8	68.243416	DPR-BM25
1072	Q0	16054	9	68.160034	DPR-BM25
1072	Q0	7955	10	67.74416	DPR-BM25
1075	Q0	26139	1	88.68962	DPR-BM25
1075	Q0	50528	2	86.033646	DPR-BM25
1075	Q0	54136	3	81.423004	DPR-BM25
1075	Q0	53950	4	80.93556	DPR-BM25
1075	Q0	3370	5	77.32971	DPR-BM25
1075	Q0	66626	6	76.65849	DPR-BM25
1075	Q0	66526	7	76.65849	DPR-BM25
1075	Q0	16078	8	74.85614	DPR-BM25
1075	Q0	5262	9	59.563087	DPR-BM25
1075	Q0	12513	10	58.25864	DPR-BM25
1083	Q0	76669	1	107.02712	DPR-BM25
1083	Q0	74632	2	105.48861	DPR-BM25
1083	Q0	74622	3	105.33777	DPR-BM25
1083	Q0	8722	4	105.10163	DPR-BM25
1083	Q0	10125	5	105.10163	DPR-BM25
1083	Q0	6983	6	103.67912	DPR-BM25
1083	Q0	8545	7	103.58621	DPR-BM25
1083	Q0	8343	8	103.47175	DPR-BM25
1083	Q0	74889	9	95.93749	DPR-BM25
1083	Q0	11053	10	94.41278	DPR-BM25
1085	Q0	3647	1	86.89249	DPR-BM25
1085	Q0	7727	2	74.630196	DPR-BM25
1085	Q0	7631	3	74.15645	DPR-BM25
1085	Q0	10280	4	71.50435	DPR-BM25
1085	Q0	4747	5	70.58024	DPR-BM25
1085	Q0	3495	6	69.365166	DPR-BM25
1085	Q0	4045	7	67.407814	DPR-BM25
1085	Q0	3290	8	67.021614	DPR-BM25
1085	Q0	10372	9	61.289917	DPR-BM25
1085	Q0	30654	10	59.79787	DPR-BM25
1088	Q0	650	1	96.21568	DPR-BM25
1088	Q0	4147	2	93.2543	DPR-BM25
1088	Q0	1621	3	92.909645	DPR-BM25
1088	Q0	648	4	92.13504	DPR-BM25
1088	Q0	2623	5	90.9567	DPR-BM25
1088	Q0	3945	6	90.26806	DPR-BM25
1088	Q0	1594	7	87.711365	DPR-BM25
1088	Q0	1009	8	86.49216	DPR-BM25
1088	Q0	8590	9	80.66392	DPR-BM25
1088	Q0	7219	10	79.886604	DPR-BM25
1092	Q0	11940	1	81.335625	DPR-BM25
1092	Q0	14324	2	81.22143	DPR-BM25
1092	Q0	13347	3	80.47119	DPR-BM25
1092	Q0	69303	4	75.440094	DPR-BM25
1092	Q0	77461	5	72.54129	DPR-BM25
1092	Q0	13990	6	72.50865	DPR-BM25
1092	Q0	7293	7	70.79875	DPR-BM25
1092	Q0	77588	8	70.171524	DPR-BM25
1092	Q0	4191	9	69.164955	DPR-BM25
1092	Q0	10510	10	68.406494	DPR-BM25
1104	Q0	2332	1	98.300766	DPR-BM25
1104	Q0	2291	2	94.90398	DPR-BM25
1104	Q0	48884	3	92.86177	DPR-BM25
1104	Q0	2497	4	92.34787	DPR-BM25
1104	Q0	48848	5	91.71884	DPR-BM25
1104	Q0	2482	6	89.9124	DPR-BM25
1104	Q0	48682	7	87.67825	DPR-BM25
1104	Q0	2505	8	86.192856	DPR-BM25
1104	Q0	2626	9	84.921036	DPR-BM25
1104	Q0	2646	10	72.58432	DPR-BM25
1105	Q0	55886	1	116.84389	DPR-BM25
1105	Q0	34151	2	115.748825	DPR-BM25
1105	Q0	11418	3	107.143814	DPR-BM25
1105	Q0	34255	4	106.71529	DPR-BM25
1105	Q0	8342	5	105.603966	DPR-BM25
1105	Q0	9550	6	100.38582	DPR-BM25
1105	Q0	34284	7	97.83545	DPR-BM25
1105	Q0	4594	8	92.994095	DPR-BM25
1105	Q0	12297	9	91.41654	DPR-BM25
1105	Q0	34228	10	87.087906	DPR-BM25
1110	Q0	16038	1	96.944016	DPR-BM25
1110	Q0	74398	2	96.26967	DPR-BM25
1110	Q0	74396	3	94.53529	DPR-BM25
1110	Q0	53744	4	93.94937	DPR-BM25
1110	Q0	16047	5	92.26117	DPR-BM25
1110	Q0	53746	6	90.539406	DPR-BM25
1110	Q0	16052	7	87.039246	DPR-BM25
1110	Q0	16064	8	84.64203	DPR-BM25
1110	Q0	30651	9	80.77763	DPR-BM25
1110	Q0	14196	10	77.19688	DPR-BM25
1117	Q0	15007	1	85.13945	DPR-BM25
1117	Q0	15002	2	81.68534	DPR-BM25
1117	Q0	75464	3	81.486534	DPR-BM25
1117	Q0	7312	4	81.24802	DPR-BM25
1117	Q0	15012	5	81.19105	DPR-BM25
1117	Q0	15001	6	80.89952	DPR-BM25
1117	Q0	15013	7	75.640335	DPR-BM25
1117	Q0	14011	8	75.244606	DPR-BM25
1117	Q0	15008	9	73.52664	DPR-BM25
1117	Q0	4743	10	68.91672	DPR-BM25
1121	Q0	9540	1	86.01575	DPR-BM25
1121	Q0	3801	2	86.01575	DPR-BM25
1121	Q0	1927	3	86.01575	DPR-BM25
1121	Q0	3327	4	86.01575	DPR-BM25
1121	Q0	8006	5	86.01575	DPR-BM25
1121	Q0	75783	6	85.212906	DPR-BM25
1121	Q0	46047	7	81.14185	DPR-BM25
1121	Q0	7283	8	76.96088	DPR-BM25
1121	Q0	1875	9	71.06639	DPR-BM25
1121	Q0	4594	10	63.5386	DPR-BM25
1128	Q0	24721	1	93.90398	DPR-BM25
1128	Q0	2089	2	93.738205	DPR-BM25
1128	Q0	88130	3	88.448235	DPR-BM25
1128	Q0	62237	4	87.432785	DPR-BM25
1128	Q0	24599	5	85.54109	DPR-BM25
1128	Q0	2398	6	85.22842	DPR-BM25
1128	Q0	3045	7	82.35549	DPR-BM25
1128	Q0	88745	8	78.91448	DPR-BM25
1128	Q0	88773	9	78.605934	DPR-BM25
1128	Q0	88842	10	78.20456	DPR-BM25
1129	Q0	52854	1	88.726944	DPR-BM25
1129	Q0	62325	2	86.411285	DPR-BM25
1129	Q0	62448	3	84.04834	DPR-BM25
1129	Q0	6667	4	74.741615	DPR-BM25
1129	Q0	6317	5	73.77588	DPR-BM25
1129	Q0	76472	6	72.019585	DPR-BM25
1129	Q0	76347	7	71.74244	DPR-BM25
1129	Q0	8330	8	71.74244	DPR-BM25
1129	Q0	8235	9	70.27104	DPR-BM25
1129	Q0	8836	10	68.980835	DPR-BM25
1131	Q0	13049	1	77.53463	DPR-BM25
1131	Q0	13013	2	76.66386	DPR-BM25
1131	Q0	37632	3	76.64111	DPR-BM25
1131	Q0	12743	4	75.98552	DPR-BM25
1131	Q0	35349	5	75.28195	DPR-BM25
1131	Q0	12547	6	75.02107	DPR-BM25
1131	Q0	13101	7	74.97356	DPR-BM25
1131	Q0	7840	8	72.48463	DPR-BM25
1131	Q0	13016	9	69.91862	DPR-BM25
1131	Q0	11586	10	67.71456	DPR-BM25
1142	Q0	3801	1	75.81865	DPR-BM25
1142	Q0	1927	2	75.81865	DPR-BM25
1142	Q0	10211	3	75.76587	DPR-BM25
1142	Q0	3753	4	73.295074	DPR-BM25
1142	Q0	7283	5	72.23872	DPR-BM25
1142	Q0	74750	6	69.356674	DPR-BM25
1142	Q0	8555	7	69.335106	DPR-BM25
1142	Q0	45571	8	66.84125	DPR-BM25
1142	Q0	8533	9	65.7088	DPR-BM25
1142	Q0	4594	10	61.78233	DPR-BM25
1143	Q0	79232	1	107.13622	DPR-BM25
1143	Q0	3214	2	101.171555	DPR-BM25
1143	Q0	41765	3	100.02339	DPR-BM25
1143	Q0	12518	4	95.45769	DPR-BM25
1143	Q0	11405	5	92.004486	DPR-BM25
1143	Q0	7248	6	89.942825	DPR-BM25
1143	Q0	8291	7	88.06923	DPR-BM25
1143	Q0	4192	8	88.03757	DPR-BM25
1143	Q0	75461	9	87.62591	DPR-BM25
1143	Q0	11534	10	79.77907	DPR-BM25
1147	Q0	1186	1	98.21239	DPR-BM25
1147	Q0	2734	2	96.85841	DPR-BM25
1147	Q0	44039	3	94.46726	DPR-BM25
1147	Q0	2696	4	93.19934	DPR-BM25
1147	Q0	3478	5	88.68712	DPR-BM25
1147	Q0	12297	6	79.45924	DPR-BM25
1147	Q0	2985	7	77.25425	DPR-BM25
1147	Q0	3087	8	73.36763	DPR-BM25
1147	Q0	43079	9	72.88796	DPR-BM25
1147	Q0	3177	10	69.81727	DPR-BM25
1158	Q0	38521	1	80.867584	DPR-BM25
1158	Q0	32223	2	76.96722	DPR-BM25
1158	Q0	8235	3	72.01084	DPR-BM25
1158	Q0	76472	4	71.76837	DPR-BM25
1158	Q0	8836	5	71.38648	DPR-BM25
1158	Q0	8260	6	70.985954	DPR-BM25
1158	Q0	76347	7	70.53076	DPR-BM25
1158	Q0	8330	8	70.45169	DPR-BM25
1158	Q0	1951	9	69.69762	DPR-BM25
1158	Q0	6317	10	69.14528	DPR-BM25
1167	Q0	14084	1	103.91757	DPR-BM25
1167	Q0	14177	2	102.90923	DPR-BM25
1167	Q0	14916	3	97.08584	DPR-BM25
1167	Q0	13902	4	96.42659	DPR-BM25
1167	Q0	43276	5	93.54519	DPR-BM25
1167	Q0	26169	6	90.78445	DPR-BM25
1167	Q0	44086	7	83.84585	DPR-BM25
1167	Q0	27097	8	80.54448	DPR-BM25
1167	Q0	27583	9	77.04878	DPR-BM25
1167	Q0	15636	10	74.056564	DPR-BM25
1168	Q0	71458	1	79.62909	DPR-BM25
1168	Q0	7760	2	76.84814	DPR-BM25
1168	Q0	42175	3	73.494156	DPR-BM25
1168	Q0	48436	4	70.34759	DPR-BM25
1168	Q0	42378	5	70.23457	DPR-BM25
1168	Q0	63142	6	69.352745	DPR-BM25
1168	Q0	4220	7	55.080296	DPR-BM25
1168	Q0	42890	8	51.50402	DPR-BM25
1168	Q0	45361	9	47.925346	DPR-BM25
1168	Q0	30999	10	47.459705	DPR-BM25
1178	Q0	14491	1	78.096115	DPR-BM25
1178	Q0	13582	2	78.08021	DPR-BM25
1178	Q0	13568	3	77.7178	DPR-BM25
1178	Q0	15715	4	62.624565	DPR-BM25
1178	Q0	15636	5	62.624565	DPR-BM25
1178	Q0	53741	6	61.480515	DPR-BM25
1178	Q0	47182	7	55.498455	DPR-BM25
1178	Q0	54472	8	54.447098	DPR-BM25
1178	Q0	2333	9	54.297287	DPR-BM25
1178	Q0	64907	10	53.508053	DPR-BM25
1187	Q0	29879	1	82.34581	DPR-BM25
1187	Q0	10866	2	82.074524	DPR-BM25
1187	Q0	69233	3	82.069534	DPR-BM25
1187	Q0	6407	4	77.737076	DPR-BM25
1187	Q0	6252	5	77.166275	DPR-BM25
1187	Q0	29965	6	77.073364	DPR-BM25
1187	Q0	10908	7	75.063194	DPR-BM25
1187	Q0	6386	8	74.309296	DPR-BM25
1187	Q0	29955	9	73.96356	DPR-BM25
1187	Q0	12257	10	70.37099	DPR-BM25
1188	Q0	64763	1	91.343185	DPR-BM25
1188	Q0	28808	2	90.84818	DPR-BM25
1188	Q0	73681	3	90.64421	DPR-BM25
1188	Q0	64233	4	89.719666	DPR-BM25
1188	Q0	8094	5	89.13137	DPR-BM25
1188	Q0	8044	6	88.96913	DPR-BM25
1188	Q0	9866	7	88.51777	DPR-BM25
1188	Q0	31312	8	87.61487	DPR-BM25
1188	Q0	68510	9	86.067635	DPR-BM25
1188	Q0	8051	10	79.25976	DPR-BM25
1200	Q0	64219	1	71.478485	DPR-BM25
1200	Q0	45826	2	69.51911	DPR-BM25
1200	Q0	6206	3	67.26633	DPR-BM25
1200	Q0	46822	4	66.695526	DPR-BM25
1200	Q0	3071	5	65.470764	DPR-BM25
1200	Q0	11240	6	65.1364	DPR-BM25
1200	Q0	4611	7	64.41086	DPR-BM25
1200	Q0	39457	8	63.84046	DPR-BM25
1200	Q0	42204	9	56.32132	DPR-BM25
1200	Q0	3226	10	55.237045	DPR-BM25
1208	Q0	51045	1	93.16377	DPR-BM25
1208	Q0	8449	2	91.24704	DPR-BM25
1208	Q0	53345	3	89.753	DPR-BM25
1208	Q0	53109	4	89.5796	DPR-BM25
1208	Q0	53172	5	89.5796	DPR-BM25
1208	Q0	53226	6	87.768745	DPR-BM25
1208	Q0	53269	7	87.11397	DPR-BM25
1208	Q0	53350	8	87.11397	DPR-BM25
1208	Q0	53099	9	86.84929	DPR-BM25
1208	Q0	55899	10	85.27552	DPR-BM25
1218	Q0	32015	1	90.79689	DPR-BM25
1218	Q0	8013	2	83.919846	DPR-BM25
1218	Q0	1665	3	80.134315	DPR-BM25
1218	Q0	32254	4	77.9837	DPR-BM25
1218	Q0	31882	5	76.68033	DPR-BM25
1218	Q0	4563	6	75.781906	DPR-BM25
1218	Q0	48707	7	70.55849	DPR-BM25
1218	Q0	6048	8	65.94949	DPR-BM25
1218	Q0	8882	9	64.7945	DPR-BM25
1218	Q0	11548	10	61.219425	DPR-BM25
1220	Q0	597	1	90.02885	DPR-BM25
1220	Q0	2084	2	84.87189	DPR-BM25
1220	Q0	2086	3	83.36832	DPR-BM25
1220	Q0	2288	4	80.94426	DPR-BM25
1220	Q0	49668	5	78.42057	DPR-BM25
1220	Q0	75476	6	77.34079	DPR-BM25
1220	Q0	3272	7	75.16687	DPR-BM25
1220	Q0	10252	8	74.66622	DPR-BM25
1220	Q0	4230	9	74.08463	DPR-BM25
1220	Q0	76282	10	64.49157	DPR-BM25
1221	Q0	38384	1	97.92328	DPR-BM25
1221	Q0	74986	2	95.36787	DPR-BM25
1221	Q0	8529	3	95.05156	DPR-BM25
1221	Q0	36461	4	94.12148	DPR-BM25
1221	Q0	38279	5	90.63102	DPR-BM25
1221	Q0	42459	6	88.534836	DPR-BM25
1221	Q0	3046	7	88.506744	DPR-BM25
1221	Q0	3018	8	83.59197	DPR-BM25
1221	Q0	42437	9	83.14624	DPR-BM25
1221	Q0	13284	10	80.19993	DPR-BM25
1241	Q0	14013	1	91.8062	DPR-BM25
1241	Q0	14603	2	89.601074	DPR-BM25
1241	Q0	13357	3	88.99644	DPR-BM25
1241	Q0	14509	4	88.51598	DPR-BM25
1241	Q0	13349	5	86.39249	DPR-BM25
1241	Q0	11789	6	73.346855	DPR-BM25
1241	Q0	11802	7	69.52862	DPR-BM25
1241	Q0	21569	8	69.19437	DPR-BM25
1241	Q0	43218	9	69.128975	DPR-BM25
1241	Q0	16982	10	67.701	DPR-BM25
